#
# There is insufficient memory for the Java Runtime Environment to continue.
# Native memory allocation (mmap) failed to map 119537664 bytes. Error detail: G1 virtual space
# Possible reasons:
#   The system is out of physical RAM or swap space
#   This process is running with CompressedOops enabled, and the Java Heap may be blocking the growth of the native heap
# Possible solutions:
#   Reduce memory load on the system
#   Increase physical memory or swap space
#   Check if swap backing store is full
#   Decrease Java heap size (-Xmx/-Xms)
#   Decrease number of Java threads
#   Decrease Java thread stack sizes (-Xss)
#   Set larger code cache with -XX:ReservedCodeCacheSize=
#   JVM is running with Unscaled Compressed Oops mode in which the Java heap is
#     placed in the first 4GB address space. The Java Heap base address is the
#     maximum limit for the native heap growth. Please use -XX:HeapBaseMinAddress
#     to set the Java Heap base and to place the Java Heap above 4GB virtual address.
# This output file may be truncated or incomplete.
#
#  Out of Memory Error (os_windows.cpp:3732), pid=2692, tid=29188
#
# JRE version: OpenJDK Runtime Environment Temurin-21.0.12+8 (21.0.12+8) (build 21.0.12+8-LTS)
# Java VM: OpenJDK 64-Bit Server VM Temurin-21.0.12+8 (21.0.12+8-LTS, mixed mode, sharing, tiered, compressed oops, compressed class ptrs, g1 gc, windows-amd64)
# No core dump will be written. Minidumps are not enabled by default on client versions of Windows
#

---------------  S U M M A R Y ------------

Command Line: --add-opens=java.base/java.lang=ALL-UNNAMED --add-opens=java.base/java.lang.invoke=ALL-UNNAMED --add-opens=java.base/java.util=ALL-UNNAMED --add-opens=java.prefs/java.util.prefs=ALL-UNNAMED --add-exports=jdk.compiler/com.sun.tools.javac.api=ALL-UNNAMED --add-exports=jdk.compiler/com.sun.tools.javac.util=ALL-UNNAMED --add-opens=java.base/java.util=ALL-UNNAMED --add-opens=java.prefs/java.util.prefs=ALL-UNNAMED --add-opens=java.base/java.nio.charset=ALL-UNNAMED --add-opens=java.base/java.net=ALL-UNNAMED --add-opens=java.base/java.util.concurrent.atomic=ALL-UNNAMED --add-opens=java.xml/javax.xml.namespace=ALL-UNNAMED -XX:MaxMetaspaceSize=512m -Xmx2048m -Dfile.encoding=UTF-8 -Duser.country=IN -Duser.language=en -Duser.variant -javaagent:C:\Users\madhu\.gradle\wrapper\dists\gradle-8.13-bin\5xuhj0ry160q40clulazy9h7d\gradle-8.13\lib\agents\gradle-instrumentation-agent-8.13.jar org.gradle.launcher.daemon.bootstrap.GradleDaemon 8.13

Host: AMD Ryzen 5 5500U with Radeon Graphics         , 12 cores, 5G,  Windows 11 , 64 bit Build 26100 (10.0.26100.8875)
Time: Wed Aug 12 21:38:15 2026 India Standard Time elapsed time: 174.626917 seconds (0d 0h 2m 54s)

---------------  T H R E A D  ---------------

Current thread (0x00000190c8367b80):  VMThread "VM Thread"          [id=29188, stack(0x0000007cfac00000,0x0000007cfad00000) (1024K)]

Stack: [0x0000007cfac00000,0x0000007cfad00000]
Native frames: (J=compiled Java code, j=interpreted, Vv=VM code, C=native code)
V  [jvm.dll+0x6d83e9]
V  [jvm.dll+0x8b5736]
V  [jvm.dll+0x8b7cee]
V  [jvm.dll+0x8b83d3]
V  [jvm.dll+0x284596]
V  [jvm.dll+0x6d4d05]
V  [jvm.dll+0x6c898a]
V  [jvm.dll+0x35f2f8]
V  [jvm.dll+0x366f36]
V  [jvm.dll+0x3b804e]
V  [jvm.dll+0x3b82f8]
V  [jvm.dll+0x33320c]
V  [jvm.dll+0x33329a]
V  [jvm.dll+0x377382]
V  [jvm.dll+0x375b1a]
V  [jvm.dll+0x332951]
V  [jvm.dll+0x37517a]
V  [jvm.dll+0x8be0c0]
V  [jvm.dll+0x8bf434]
V  [jvm.dll+0x8bf960]
V  [jvm.dll+0x8bfc03]
V  [jvm.dll+0x8600cd]
V  [jvm.dll+0x6d6c1d]
C  [ucrtbase.dll+0x2cd30]
C  [KERNEL32.DLL+0x2e957]
C  [ntdll.dll+0xaad6c]

VM_Operation (0x0000007cfeefd1d0): G1CollectForAllocation, mode: safepoint, requested by thread 0x00000190c8911f80


---------------  P R O C E S S  ---------------

Threads class SMR info:
_java_thread_list=0x00000190fe411dc0, length=182, elements={
0x00000190ab2bf840, 0x00000190c8382c80, 0x00000190c83836e0, 0x00000190c8384810,
0x00000190c8386f80, 0x00000190c8388330, 0x00000190c8385540, 0x00000190c8398640,
0x00000190c838d7a0, 0x00000190c8387610, 0x00000190c83868f0, 0x00000190c8385bd0,
0x00000190c8386260, 0x00000190e8ea2b40, 0x00000190e8ea3860, 0x00000190e8ea4580,
0x00000190e8ea1790, 0x00000190e8ea24b0, 0x00000190e8ea31d0, 0x00000190e8ea1100,
0x00000190e8ea4c10, 0x00000190e8ea52a0, 0x00000190e8ea1e20, 0x00000190e8ea8090,
0x00000190e8ea8720, 0x00000190e8ea5930, 0x00000190e8ea6650, 0x00000190e8ea7370,
0x00000190e8ea7a00, 0x00000190ea251c10, 0x00000190ea2522a0, 0x00000190ea252930,
0x00000190ea251580, 0x00000190ea254370, 0x00000190ea252fc0, 0x00000190ea253650,
0x00000190ea250ef0, 0x00000190ea2577f0, 0x00000190ea257e80, 0x00000190ea257160,
0x00000190ea255090, 0x00000190ea254a00, 0x00000190ea255db0, 0x00000190ea256440,
0x00000190c8910bd0, 0x00000190c8911260, 0x00000190c8912ca0, 0x00000190c89118f0,
0x00000190c890feb0, 0x00000190c89146e0, 0x00000190c8915400, 0x00000190c89139c0,
0x00000190c8913330, 0x00000190c8914d70, 0x00000190c8911f80, 0x00000190c8916120,
0x00000190c8915a90, 0x00000190c89167b0, 0x00000190c8916e40, 0x00000190c89174d0,
0x00000190c8914050, 0x00000190c8387ca0, 0x00000190ec06fb50, 0x00000190ec071c20,
0x00000190ec070870, 0x00000190ec070f00, 0x00000190ec0722b0, 0x00000190ec0701e0,
0x00000190ec072940, 0x00000190ec06f4c0, 0x00000190ec073cf0, 0x00000190ec074380,
0x00000190ec074a10, 0x00000190ec071590, 0x00000190ec0750a0, 0x00000190ec075730,
0x00000190ec073660, 0x00000190ec072fd0, 0x00000190ec076450, 0x00000190ec076ae0,
0x00000190ebbe37b0, 0x00000190ebbe2400, 0x00000190ebbe1050, 0x00000190ebbe16e0,
0x00000190ebbe72c0, 0x00000190ebbe44d0, 0x00000190ebbe3e40, 0x00000190ebbe7950,
0x00000190ebbe51f0, 0x00000190ebbe6c30, 0x00000190ebbe7fe0, 0x00000190ebbe4b60,
0x00000190ebbe5880, 0x00000190ebbe8670, 0x00000190ebbe5f10, 0x00000190ebbe65a0,
0x00000190ee6642f0, 0x00000190ee663c60, 0x00000190ee6635d0, 0x00000190ee6656a0,
0x00000190ee665d30, 0x00000190ee6663c0, 0x00000190ee666a50, 0x00000190ee6670e0,
0x00000190ee667770, 0x00000190ee667e00, 0x00000190ee664980, 0x00000190ee668490,
0x00000190ee665010, 0x00000190ee66a560, 0x00000190ee668b20, 0x00000190ee669840,
0x00000190ee66abf0, 0x00000190ee6691b0, 0x00000190ee669ed0, 0x00000190ef6869f0,
0x00000190ef687080, 0x00000190ef687710, 0x00000190ef686360, 0x00000190ef688430,
0x00000190ef688ac0, 0x00000190ef687da0, 0x00000190ef685cd0, 0x00000190ef689e70,
0x00000190ef68a500, 0x00000190ef68c5d0, 0x00000190ef68b220, 0x00000190ef68cc60,
0x00000190ef68b8b0, 0x00000190ef6897e0, 0x00000190ef68ab90, 0x00000190ef68bf40,
0x00000190ef68d2f0, 0x00000190c8420590, 0x00000190c8420c20, 0x00000190c8422660,
0x00000190c841f870, 0x00000190c8422cf0, 0x00000190c8421fd0, 0x00000190c8421940,
0x00000190c84212b0, 0x00000190c8423380, 0x00000190c841ff00, 0x00000190c8423a10,
0x00000190c8426170, 0x00000190c8424730, 0x00000190c8425ae0, 0x00000190c84240a0,
0x00000190c8426e90, 0x00000190c8424dc0, 0x00000190c8425450, 0x00000190c8426800,
0x00000190ecfef4b0, 0x00000190ecfee790, 0x00000190ecfefb40, 0x00000190ecff0ef0,
0x00000190ecff0860, 0x00000190ecfee100, 0x00000190ecfeda70, 0x00000190ecff01d0,
0x00000190ecffac70, 0x00000190ecffb300, 0x00000190ecff98c0, 0x00000190ecffb990,
0x00000190ecff8510, 0x00000190ecffc020, 0x00000190ecff8ba0, 0x00000190ecffc6b0,
0x00000190ecffcd40, 0x00000190ee071430, 0x00000190ee06f9f0, 0x00000190ee06ecd0,
0x00000190ee0727e0, 0x00000190ee072150, 0x00000190ee070080, 0x00000190ee071ac0,
0x00000190ee070710, 0x00000190ee06f360, 0x00000190ee072e70, 0x00000190ecff1c10,
0x00000190fe37a730, 0x00000190f4a1a650
}

Java Threads: ( => current thread )
  0x00000190ab2bf840 JavaThread "main"                              [_thread_blocked, id=11280, stack(0x0000007cfa500000,0x0000007cfa600000) (1024K)]
  0x00000190c8382c80 JavaThread "Reference Handler"          daemon [_thread_blocked, id=10168, stack(0x0000007cfad00000,0x0000007cfae00000) (1024K)]
  0x00000190c83836e0 JavaThread "Finalizer"                  daemon [_thread_blocked, id=8848, stack(0x0000007cfae00000,0x0000007cfaf00000) (1024K)]
  0x00000190c8384810 JavaThread "Signal Dispatcher"          daemon [_thread_blocked, id=17908, stack(0x0000007cfaf00000,0x0000007cfb000000) (1024K)]
  0x00000190c8386f80 JavaThread "Attach Listener"            daemon [_thread_blocked, id=6048, stack(0x0000007cfb000000,0x0000007cfb100000) (1024K)]
  0x00000190c8388330 JavaThread "Service Thread"             daemon [_thread_blocked, id=28424, stack(0x0000007cfb100000,0x0000007cfb200000) (1024K)]
  0x00000190c8385540 JavaThread "Monitor Deflation Thread"   daemon [_thread_blocked, id=28860, stack(0x0000007cfb200000,0x0000007cfb300000) (1024K)]
  0x00000190c8398640 JavaThread "C2 CompilerThread0"         daemon [_thread_blocked, id=27092, stack(0x0000007cfb300000,0x0000007cfb400000) (1024K)]
  0x00000190c838d7a0 JavaThread "C1 CompilerThread0"         daemon [_thread_blocked, id=26716, stack(0x0000007cfb400000,0x0000007cfb500000) (1024K)]
  0x00000190c8387610 JavaThread "Common-Cleaner"             daemon [_thread_blocked, id=12368, stack(0x0000007cfb500000,0x0000007cfb600000) (1024K)]
  0x00000190c83868f0 JavaThread "Notification Thread"        daemon [_thread_blocked, id=9392, stack(0x0000007cfb600000,0x0000007cfb700000) (1024K)]
  0x00000190c8385bd0 JavaThread "Daemon health stats"               [_thread_blocked, id=1132, stack(0x0000007cfbc00000,0x0000007cfbd00000) (1024K)]
  0x00000190c8386260 JavaThread "Incoming local TCP Connector on port 64614"        [_thread_in_native, id=1508, stack(0x0000007cfbd00000,0x0000007cfbe00000) (1024K)]
  0x00000190e8ea2b40 JavaThread "Daemon periodic checks"            [_thread_blocked, id=5452, stack(0x0000007cfbe00000,0x0000007cfbf00000) (1024K)]
  0x00000190e8ea3860 JavaThread "Daemon"                            [_thread_blocked, id=9464, stack(0x0000007cfbf00000,0x0000007cfc000000) (1024K)]
  0x00000190e8ea4580 JavaThread "Handler for socket connection from /127.0.0.1:64614 to /127.0.0.1:64615"        [_thread_in_native, id=23156, stack(0x0000007cfc000000,0x0000007cfc100000) (1024K)]
  0x00000190e8ea1790 JavaThread "Cancel handler"                    [_thread_blocked, id=1252, stack(0x0000007cfc100000,0x0000007cfc200000) (1024K)]
  0x00000190e8ea24b0 JavaThread "Daemon worker"                     [_thread_blocked, id=2824, stack(0x0000007cfc200000,0x0000007cfc300000) (1024K)]
  0x00000190e8ea31d0 JavaThread "Asynchronous log dispatcher for DefaultDaemonConnection: socket connection from /127.0.0.1:64614 to /127.0.0.1:64615"        [_thread_blocked, id=18232, stack(0x0000007cfc300000,0x0000007cfc400000) (1024K)]
  0x00000190e8ea1100 JavaThread "Stdin handler"                     [_thread_blocked, id=15828, stack(0x0000007cfc400000,0x0000007cfc500000) (1024K)]
  0x00000190e8ea4c10 JavaThread "Daemon client event forwarder"        [_thread_blocked, id=25376, stack(0x0000007cfc500000,0x0000007cfc600000) (1024K)]
  0x00000190e8ea52a0 JavaThread "Cache worker for journal cache (C:\Users\madhu\.gradle\caches\journal-1)"        [_thread_blocked, id=13988, stack(0x0000007cfc600000,0x0000007cfc700000) (1024K)]
  0x00000190e8ea1e20 JavaThread "File lock request listener"        [_thread_blocked, id=14368, stack(0x0000007cfc700000,0x0000007cfc800000) (1024K)]
  0x00000190e8ea8090 JavaThread "Cache worker for file hash cache (C:\Users\madhu\.gradle\caches\8.13\fileHashes)"        [_thread_blocked, id=12524, stack(0x0000007cfc800000,0x0000007cfc900000) (1024K)]
  0x00000190e8ea8720 JavaThread "Cache worker for file hash cache (D:\FINAL_PROJECT_2026\ResilioMesh\android\.gradle\8.13\fileHashes)"        [_thread_blocked, id=21100, stack(0x0000007cfcf00000,0x0000007cfd000000) (1024K)]
  0x00000190e8ea5930 JavaThread "Cache worker for Build Output Cleanup Cache (D:\FINAL_PROJECT_2026\ResilioMesh\android\.gradle\buildOutputCleanup)"        [_thread_blocked, id=17428, stack(0x0000007cfd000000,0x0000007cfd100000) (1024K)]
  0x00000190e8ea6650 JavaThread "File watcher server"        daemon [_thread_in_native, id=24536, stack(0x0000007cfd200000,0x0000007cfd300000) (1024K)]
  0x00000190e8ea7370 JavaThread "File watcher consumer"      daemon [_thread_blocked, id=28548, stack(0x0000007cfd300000,0x0000007cfd400000) (1024K)]
  0x00000190e8ea7a00 JavaThread "jar transforms"                    [_thread_blocked, id=9352, stack(0x0000007cfd400000,0x0000007cfd500000) (1024K)]
  0x00000190ea251c10 JavaThread "jar transforms Thread 2"           [_thread_blocked, id=12768, stack(0x0000007cfd500000,0x0000007cfd600000) (1024K)]
  0x00000190ea2522a0 JavaThread "jar transforms Thread 3"           [_thread_blocked, id=27780, stack(0x0000007cfd600000,0x0000007cfd700000) (1024K)]
  0x00000190ea252930 JavaThread "jar transforms Thread 4"           [_thread_blocked, id=6496, stack(0x0000007cfd700000,0x0000007cfd800000) (1024K)]
  0x00000190ea251580 JavaThread "jar transforms Thread 5"           [_thread_blocked, id=10956, stack(0x0000007cfd800000,0x0000007cfd900000) (1024K)]
  0x00000190ea254370 JavaThread "Cache worker for checksums cache (D:\FINAL_PROJECT_2026\ResilioMesh\android\.gradle\8.13\checksums)"        [_thread_blocked, id=28564, stack(0x0000007cfd900000,0x0000007cfda00000) (1024K)]
  0x00000190ea252fc0 JavaThread "Cache worker for file content cache (C:\Users\madhu\.gradle\caches\8.13\fileContent)"        [_thread_blocked, id=15976, stack(0x0000007cfda00000,0x0000007cfdb00000) (1024K)]
  0x00000190ea253650 JavaThread "jar transforms Thread 6"           [_thread_blocked, id=19336, stack(0x0000007cfdb00000,0x0000007cfdc00000) (1024K)]
  0x00000190ea250ef0 JavaThread "jar transforms Thread 7"           [_thread_blocked, id=27792, stack(0x0000007cfdc00000,0x0000007cfdd00000) (1024K)]
  0x00000190ea2577f0 JavaThread "jar transforms Thread 8"           [_thread_blocked, id=29608, stack(0x0000007cfdd00000,0x0000007cfde00000) (1024K)]
  0x00000190ea257e80 JavaThread "jar transforms Thread 9"           [_thread_blocked, id=27608, stack(0x0000007cfde00000,0x0000007cfdf00000) (1024K)]
  0x00000190ea257160 JavaThread "jar transforms Thread 10"          [_thread_blocked, id=10708, stack(0x0000007cfdf00000,0x0000007cfe000000) (1024K)]
  0x00000190ea255090 JavaThread "jar transforms Thread 11"          [_thread_blocked, id=4844, stack(0x0000007cfe000000,0x0000007cfe100000) (1024K)]
  0x00000190ea254a00 JavaThread "jar transforms Thread 12"          [_thread_blocked, id=772, stack(0x0000007cfe100000,0x0000007cfe200000) (1024K)]
  0x00000190ea255db0 JavaThread "Cache worker for cache directory md-supplier (C:\Users\madhu\.gradle\caches\8.13\md-supplier)"        [_thread_blocked, id=4340, stack(0x0000007cfe200000,0x0000007cfe300000) (1024K)]
  0x00000190ea256440 JavaThread "Cache worker for cache directory md-rule (C:\Users\madhu\.gradle\caches\8.13\md-rule)"        [_thread_blocked, id=23956, stack(0x0000007cfe300000,0x0000007cfe400000) (1024K)]
  0x00000190c8910bd0 JavaThread "Cache worker for Build Output Cleanup Cache (D:\flutter\flutter\packages\flutter_tools\gradle\.gradle\buildOutputCleanup)"        [_thread_blocked, id=24736, stack(0x0000007cfe400000,0x0000007cfe500000) (1024K)]
  0x00000190c8911260 JavaThread "Unconstrained build operations"        [_thread_blocked, id=27528, stack(0x0000007cfe500000,0x0000007cfe600000) (1024K)]
  0x00000190c8912ca0 JavaThread "Unconstrained build operations Thread 2"        [_thread_blocked, id=5632, stack(0x0000007cfe600000,0x0000007cfe700000) (1024K)]
  0x00000190c89118f0 JavaThread "Unconstrained build operations Thread 3"        [_thread_blocked, id=24780, stack(0x0000007cfe700000,0x0000007cfe800000) (1024K)]
  0x00000190c890feb0 JavaThread "Unconstrained build operations Thread 4"        [_thread_blocked, id=20320, stack(0x0000007cfe800000,0x0000007cfe900000) (1024K)]
  0x00000190c89146e0 JavaThread "Unconstrained build operations Thread 5"        [_thread_blocked, id=29344, stack(0x0000007cfe900000,0x0000007cfea00000) (1024K)]
  0x00000190c8915400 JavaThread "Unconstrained build operations Thread 6"        [_thread_blocked, id=27840, stack(0x0000007cfea00000,0x0000007cfeb00000) (1024K)]
  0x00000190c89139c0 JavaThread "Unconstrained build operations Thread 7"        [_thread_blocked, id=17992, stack(0x0000007cfeb00000,0x0000007cfec00000) (1024K)]
  0x00000190c8913330 JavaThread "Unconstrained build operations Thread 8"        [_thread_blocked, id=28824, stack(0x0000007cfec00000,0x0000007cfed00000) (1024K)]
  0x00000190c8914d70 JavaThread "Unconstrained build operations Thread 9"        [_thread_blocked, id=2880, stack(0x0000007cfed00000,0x0000007cfee00000) (1024K)]
  0x00000190c8911f80 JavaThread "Unconstrained build operations Thread 10"        [_thread_blocked, id=15812, stack(0x0000007cfee00000,0x0000007cfef00000) (1024K)]
  0x00000190c8916120 JavaThread "Unconstrained build operations Thread 11"        [_thread_blocked, id=12300, stack(0x0000007cfef00000,0x0000007cff000000) (1024K)]
  0x00000190c8915a90 JavaThread "Unconstrained build operations Thread 12"        [_thread_blocked, id=28060, stack(0x0000007cff000000,0x0000007cff100000) (1024K)]
  0x00000190c89167b0 JavaThread "Unconstrained build operations Thread 13"        [_thread_blocked, id=28764, stack(0x0000007cff100000,0x0000007cff200000) (1024K)]
  0x00000190c8916e40 JavaThread "Unconstrained build operations Thread 14"        [_thread_blocked, id=27276, stack(0x0000007cff200000,0x0000007cff300000) (1024K)]
  0x00000190c89174d0 JavaThread "Unconstrained build operations Thread 15"        [_thread_blocked, id=21660, stack(0x0000007cff300000,0x0000007cff400000) (1024K)]
  0x00000190c8914050 JavaThread "Unconstrained build operations Thread 16"        [_thread_blocked, id=24376, stack(0x0000007cff400000,0x0000007cff500000) (1024K)]
  0x00000190c8387ca0 JavaThread "Unconstrained build operations Thread 17"        [_thread_blocked, id=23668, stack(0x0000007cff500000,0x0000007cff600000) (1024K)]
  0x00000190ec06fb50 JavaThread "Unconstrained build operations Thread 18"        [_thread_blocked, id=432, stack(0x0000007cff600000,0x0000007cff700000) (1024K)]
  0x00000190ec071c20 JavaThread "Unconstrained build operations Thread 19"        [_thread_blocked, id=27440, stack(0x0000007cff700000,0x0000007cff800000) (1024K)]
  0x00000190ec070870 JavaThread "Unconstrained build operations Thread 20"        [_thread_blocked, id=10148, stack(0x0000007cff800000,0x0000007cff900000) (1024K)]
  0x00000190ec070f00 JavaThread "Unconstrained build operations Thread 21"        [_thread_blocked, id=16948, stack(0x0000007cff900000,0x0000007cffa00000) (1024K)]
  0x00000190ec0722b0 JavaThread "Unconstrained build operations Thread 22"        [_thread_blocked, id=13932, stack(0x0000007cffa00000,0x0000007cffb00000) (1024K)]
  0x00000190ec0701e0 JavaThread "Unconstrained build operations Thread 23"        [_thread_blocked, id=5520, stack(0x0000007cffb00000,0x0000007cffc00000) (1024K)]
  0x00000190ec072940 JavaThread "Unconstrained build operations Thread 24"        [_thread_blocked, id=26752, stack(0x0000007cffc00000,0x0000007cffd00000) (1024K)]
  0x00000190ec06f4c0 JavaThread "Unconstrained build operations Thread 25"        [_thread_blocked, id=18908, stack(0x0000007cffd00000,0x0000007cffe00000) (1024K)]
  0x00000190ec073cf0 JavaThread "Unconstrained build operations Thread 26"        [_thread_blocked, id=28372, stack(0x0000007cffe00000,0x0000007cfff00000) (1024K)]
  0x00000190ec074380 JavaThread "Unconstrained build operations Thread 27"        [_thread_blocked, id=26316, stack(0x0000007cfff00000,0x0000007d00000000) (1024K)]
  0x00000190ec074a10 JavaThread "Unconstrained build operations Thread 28"        [_thread_blocked, id=4116, stack(0x0000007c80000000,0x0000007c80100000) (1024K)]
  0x00000190ec071590 JavaThread "Unconstrained build operations Thread 29"        [_thread_blocked, id=408, stack(0x0000007c80100000,0x0000007c80200000) (1024K)]
  0x00000190ec0750a0 JavaThread "Unconstrained build operations Thread 30"        [_thread_blocked, id=14768, stack(0x0000007c80200000,0x0000007c80300000) (1024K)]
  0x00000190ec075730 JavaThread "Unconstrained build operations Thread 31"        [_thread_blocked, id=29600, stack(0x0000007c80300000,0x0000007c80400000) (1024K)]
  0x00000190ec073660 JavaThread "Unconstrained build operations Thread 32"        [_thread_blocked, id=14816, stack(0x0000007c80400000,0x0000007c80500000) (1024K)]
  0x00000190ec072fd0 JavaThread "Unconstrained build operations Thread 33"        [_thread_blocked, id=8712, stack(0x0000007c80500000,0x0000007c80600000) (1024K)]
  0x00000190ec076450 JavaThread "Memory manager"                    [_thread_blocked, id=27260, stack(0x0000007c80600000,0x0000007c80700000) (1024K)]
  0x00000190ec076ae0 JavaThread "build event listener"              [_thread_blocked, id=15992, stack(0x0000007c80700000,0x0000007c80800000) (1024K)]
  0x00000190ebbe37b0 JavaThread "Execution worker"                  [_thread_blocked, id=29044, stack(0x0000007c80b00000,0x0000007c80c00000) (1024K)]
  0x00000190ebbe2400 JavaThread "Execution worker Thread 2"         [_thread_blocked, id=11340, stack(0x0000007c80c00000,0x0000007c80d00000) (1024K)]
  0x00000190ebbe1050 JavaThread "Execution worker Thread 3"         [_thread_blocked, id=28580, stack(0x0000007c80d00000,0x0000007c80e00000) (1024K)]
  0x00000190ebbe16e0 JavaThread "Execution worker Thread 4"         [_thread_blocked, id=4992, stack(0x0000007c80e00000,0x0000007c80f00000) (1024K)]
  0x00000190ebbe72c0 JavaThread "Execution worker Thread 5"         [_thread_blocked, id=11444, stack(0x0000007c80f00000,0x0000007c81000000) (1024K)]
  0x00000190ebbe44d0 JavaThread "Execution worker Thread 6"         [_thread_blocked, id=2912, stack(0x0000007c81000000,0x0000007c81100000) (1024K)]
  0x00000190ebbe3e40 JavaThread "Execution worker Thread 7"         [_thread_blocked, id=13412, stack(0x0000007c81100000,0x0000007c81200000) (1024K)]
  0x00000190ebbe7950 JavaThread "Execution worker Thread 8"         [_thread_blocked, id=11472, stack(0x0000007c81200000,0x0000007c81300000) (1024K)]
  0x00000190ebbe51f0 JavaThread "Execution worker Thread 9"         [_thread_blocked, id=24032, stack(0x0000007c81300000,0x0000007c81400000) (1024K)]
  0x00000190ebbe6c30 JavaThread "Execution worker Thread 10"        [_thread_blocked, id=29136, stack(0x0000007c81400000,0x0000007c81500000) (1024K)]
  0x00000190ebbe7fe0 JavaThread "Execution worker Thread 11"        [_thread_blocked, id=13728, stack(0x0000007c81500000,0x0000007c81600000) (1024K)]
  0x00000190ebbe4b60 JavaThread "Cache worker for execution history cache (D:\flutter\flutter\packages\flutter_tools\gradle\.gradle\8.13\executionHistory)"        [_thread_blocked, id=4676, stack(0x0000007c81600000,0x0000007c81700000) (1024K)]
  0x00000190ebbe5880 JavaThread "Unconstrained build operations Thread 34"        [_thread_blocked, id=28820, stack(0x0000007c81700000,0x0000007c81800000) (1024K)]
  0x00000190ebbe8670 JavaThread "Unconstrained build operations Thread 35"        [_thread_blocked, id=29240, stack(0x0000007c81800000,0x0000007c81900000) (1024K)]
  0x00000190ebbe5f10 JavaThread "Unconstrained build operations Thread 36"        [_thread_blocked, id=24296, stack(0x0000007c81900000,0x0000007c81a00000) (1024K)]
  0x00000190ebbe65a0 JavaThread "Unconstrained build operations Thread 37"        [_thread_blocked, id=29020, stack(0x0000007c81a00000,0x0000007c81b00000) (1024K)]
  0x00000190ee6642f0 JavaThread "Unconstrained build operations Thread 38"        [_thread_blocked, id=23568, stack(0x0000007c81b00000,0x0000007c81c00000) (1024K)]
  0x00000190ee663c60 JavaThread "Unconstrained build operations Thread 39"        [_thread_blocked, id=20572, stack(0x0000007c81c00000,0x0000007c81d00000) (1024K)]
  0x00000190ee6635d0 JavaThread "Unconstrained build operations Thread 40"        [_thread_blocked, id=11828, stack(0x0000007c81d00000,0x0000007c81e00000) (1024K)]
  0x00000190ee6656a0 JavaThread "Unconstrained build operations Thread 41"        [_thread_blocked, id=18072, stack(0x0000007c81e00000,0x0000007c81f00000) (1024K)]
  0x00000190ee665d30 JavaThread "Unconstrained build operations Thread 42"        [_thread_blocked, id=28008, stack(0x0000007c81f00000,0x0000007c82000000) (1024K)]
  0x00000190ee6663c0 JavaThread "Unconstrained build operations Thread 43"        [_thread_blocked, id=22972, stack(0x0000007c82000000,0x0000007c82100000) (1024K)]
  0x00000190ee666a50 JavaThread "Unconstrained build operations Thread 44"        [_thread_blocked, id=27284, stack(0x0000007c82100000,0x0000007c82200000) (1024K)]
  0x00000190ee6670e0 JavaThread "Unconstrained build operations Thread 45"        [_thread_blocked, id=1684, stack(0x0000007c82200000,0x0000007c82300000) (1024K)]
  0x00000190ee667770 JavaThread "Unconstrained build operations Thread 46"        [_thread_blocked, id=18684, stack(0x0000007c82300000,0x0000007c82400000) (1024K)]
  0x00000190ee667e00 JavaThread "Unconstrained build operations Thread 47"        [_thread_blocked, id=29424, stack(0x0000007c82400000,0x0000007c82500000) (1024K)]
  0x00000190ee664980 JavaThread "Unconstrained build operations Thread 48"        [_thread_blocked, id=18856, stack(0x0000007c82500000,0x0000007c82600000) (1024K)]
  0x00000190ee668490 JavaThread "Unconstrained build operations Thread 49"        [_thread_blocked, id=4948, stack(0x0000007c82600000,0x0000007c82700000) (1024K)]
  0x00000190ee665010 JavaThread "Unconstrained build operations Thread 50"        [_thread_blocked, id=19660, stack(0x0000007c82700000,0x0000007c82800000) (1024K)]
  0x00000190ee66a560 JavaThread "Unconstrained build operations Thread 51"        [_thread_blocked, id=15636, stack(0x0000007c82800000,0x0000007c82900000) (1024K)]
  0x00000190ee668b20 JavaThread "Unconstrained build operations Thread 52"        [_thread_blocked, id=8696, stack(0x0000007c82900000,0x0000007c82a00000) (1024K)]
  0x00000190ee669840 JavaThread "Unconstrained build operations Thread 53"        [_thread_blocked, id=28588, stack(0x0000007c82a00000,0x0000007c82b00000) (1024K)]
  0x00000190ee66abf0 JavaThread "Unconstrained build operations Thread 54"        [_thread_blocked, id=22876, stack(0x0000007c82b00000,0x0000007c82c00000) (1024K)]
  0x00000190ee6691b0 JavaThread "Unconstrained build operations Thread 55"        [_thread_blocked, id=18000, stack(0x0000007c82c00000,0x0000007c82d00000) (1024K)]
  0x00000190ee669ed0 JavaThread "Unconstrained build operations Thread 56"        [_thread_blocked, id=9872, stack(0x0000007c82d00000,0x0000007c82e00000) (1024K)]
  0x00000190ef6869f0 JavaThread "Unconstrained build operations Thread 57"        [_thread_blocked, id=26796, stack(0x0000007c82e00000,0x0000007c82f00000) (1024K)]
  0x00000190ef687080 JavaThread "Unconstrained build operations Thread 58"        [_thread_blocked, id=11316, stack(0x0000007c82f00000,0x0000007c83000000) (1024K)]
  0x00000190ef687710 JavaThread "Unconstrained build operations Thread 59"        [_thread_blocked, id=27268, stack(0x0000007c83000000,0x0000007c83100000) (1024K)]
  0x00000190ef686360 JavaThread "Unconstrained build operations Thread 60"        [_thread_blocked, id=29516, stack(0x0000007c83100000,0x0000007c83200000) (1024K)]
  0x00000190ef688430 JavaThread "Unconstrained build operations Thread 61"        [_thread_blocked, id=19388, stack(0x0000007c83200000,0x0000007c83300000) (1024K)]
  0x00000190ef688ac0 JavaThread "Unconstrained build operations Thread 62"        [_thread_blocked, id=23180, stack(0x0000007c83300000,0x0000007c83400000) (1024K)]
  0x00000190ef687da0 JavaThread "Unconstrained build operations Thread 63"        [_thread_blocked, id=17856, stack(0x0000007c83400000,0x0000007c83500000) (1024K)]
  0x00000190ef685cd0 JavaThread "Unconstrained build operations Thread 64"        [_thread_blocked, id=10072, stack(0x0000007c83500000,0x0000007c83600000) (1024K)]
  0x00000190ef689e70 JavaThread "Unconstrained build operations Thread 65"        [_thread_blocked, id=27372, stack(0x0000007c83600000,0x0000007c83700000) (1024K)]
  0x00000190ef68a500 JavaThread "Unconstrained build operations Thread 66"        [_thread_blocked, id=23040, stack(0x0000007c83700000,0x0000007c83800000) (1024K)]
  0x00000190ef68c5d0 JavaThread "Unconstrained build operations Thread 67"        [_thread_blocked, id=15824, stack(0x0000007c83800000,0x0000007c83900000) (1024K)]
  0x00000190ef68b220 JavaThread "Unconstrained build operations Thread 68"        [_thread_blocked, id=23880, stack(0x0000007c83900000,0x0000007c83a00000) (1024K)]
  0x00000190ef68cc60 JavaThread "Unconstrained build operations Thread 69"        [_thread_blocked, id=1180, stack(0x0000007c80900000,0x0000007c80a00000) (1024K)]
  0x00000190ef68b8b0 JavaThread "Unconstrained build operations Thread 70"        [_thread_blocked, id=28576, stack(0x0000007c83a00000,0x0000007c83b00000) (1024K)]
  0x00000190ef6897e0 JavaThread "Unconstrained build operations Thread 71"        [_thread_blocked, id=12772, stack(0x0000007c83b00000,0x0000007c83c00000) (1024K)]
  0x00000190ef68ab90 JavaThread "Unconstrained build operations Thread 72"        [_thread_blocked, id=15312, stack(0x0000007c83c00000,0x0000007c83d00000) (1024K)]
  0x00000190ef68bf40 JavaThread "Unconstrained build operations Thread 73"        [_thread_blocked, id=20020, stack(0x0000007c83d00000,0x0000007c83e00000) (1024K)]
  0x00000190ef68d2f0 JavaThread "Unconstrained build operations Thread 74"        [_thread_blocked, id=23876, stack(0x0000007c83e00000,0x0000007c83f00000) (1024K)]
  0x00000190c8420590 JavaThread "Unconstrained build operations Thread 75"        [_thread_blocked, id=6800, stack(0x0000007c83f00000,0x0000007c84000000) (1024K)]
  0x00000190c8420c20 JavaThread "Unconstrained build operations Thread 76"        [_thread_blocked, id=10944, stack(0x0000007c84000000,0x0000007c84100000) (1024K)]
  0x00000190c8422660 JavaThread "Unconstrained build operations Thread 77"        [_thread_blocked, id=24796, stack(0x0000007c84100000,0x0000007c84200000) (1024K)]
  0x00000190c841f870 JavaThread "Unconstrained build operations Thread 78"        [_thread_blocked, id=28600, stack(0x0000007c84200000,0x0000007c84300000) (1024K)]
  0x00000190c8422cf0 JavaThread "Unconstrained build operations Thread 79"        [_thread_blocked, id=3796, stack(0x0000007c84300000,0x0000007c84400000) (1024K)]
  0x00000190c8421fd0 JavaThread "Unconstrained build operations Thread 80"        [_thread_blocked, id=19632, stack(0x0000007c84500000,0x0000007c84600000) (1024K)]
  0x00000190c8421940 JavaThread "Unconstrained build operations Thread 81"        [_thread_blocked, id=17632, stack(0x0000007c84600000,0x0000007c84700000) (1024K)]
  0x00000190c84212b0 JavaThread "Unconstrained build operations Thread 82"        [_thread_blocked, id=9284, stack(0x0000007c84700000,0x0000007c84800000) (1024K)]
  0x00000190c8423380 JavaThread "Unconstrained build operations Thread 83"        [_thread_blocked, id=2756, stack(0x0000007c84800000,0x0000007c84900000) (1024K)]
  0x00000190c841ff00 JavaThread "Unconstrained build operations Thread 84"        [_thread_blocked, id=27716, stack(0x0000007c84900000,0x0000007c84a00000) (1024K)]
  0x00000190c8423a10 JavaThread "Unconstrained build operations Thread 85"        [_thread_blocked, id=29180, stack(0x0000007c84a00000,0x0000007c84b00000) (1024K)]
  0x00000190c8426170 JavaThread "Unconstrained build operations Thread 86"        [_thread_blocked, id=22468, stack(0x0000007c84b00000,0x0000007c84c00000) (1024K)]
  0x00000190c8424730 JavaThread "Unconstrained build operations Thread 87"        [_thread_blocked, id=8892, stack(0x0000007c84c00000,0x0000007c84d00000) (1024K)]
  0x00000190c8425ae0 JavaThread "Unconstrained build operations Thread 88"        [_thread_blocked, id=26576, stack(0x0000007c84d00000,0x0000007c84e00000) (1024K)]
  0x00000190c84240a0 JavaThread "Unconstrained build operations Thread 89"        [_thread_blocked, id=28680, stack(0x0000007c84e00000,0x0000007c84f00000) (1024K)]
  0x00000190c8426e90 JavaThread "Unconstrained build operations Thread 90"        [_thread_blocked, id=26436, stack(0x0000007c84f00000,0x0000007c85000000) (1024K)]
  0x00000190c8424dc0 JavaThread "Unconstrained build operations Thread 91"        [_thread_blocked, id=25944, stack(0x0000007c85000000,0x0000007c85100000) (1024K)]
  0x00000190c8425450 JavaThread "Unconstrained build operations Thread 92"        [_thread_blocked, id=24288, stack(0x0000007c85100000,0x0000007c85200000) (1024K)]
  0x00000190c8426800 JavaThread "Unconstrained build operations Thread 93"        [_thread_blocked, id=12076, stack(0x0000007c85200000,0x0000007c85300000) (1024K)]
  0x00000190ecfef4b0 JavaThread "Unconstrained build operations Thread 94"        [_thread_blocked, id=20128, stack(0x0000007c85300000,0x0000007c85400000) (1024K)]
  0x00000190ecfee790 JavaThread "Unconstrained build operations Thread 95"        [_thread_blocked, id=5772, stack(0x0000007c85400000,0x0000007c85500000) (1024K)]
  0x00000190ecfefb40 JavaThread "Unconstrained build operations Thread 96"        [_thread_blocked, id=27288, stack(0x0000007c85500000,0x0000007c85600000) (1024K)]
  0x00000190ecff0ef0 JavaThread "Unconstrained build operations Thread 97"        [_thread_blocked, id=5704, stack(0x0000007c85600000,0x0000007c85700000) (1024K)]
  0x00000190ecff0860 JavaThread "Unconstrained build operations Thread 98"        [_thread_blocked, id=26668, stack(0x0000007c85700000,0x0000007c85800000) (1024K)]
  0x00000190ecfee100 JavaThread "Unconstrained build operations Thread 99"        [_thread_blocked, id=28040, stack(0x0000007c85800000,0x0000007c85900000) (1024K)]
  0x00000190ecfeda70 JavaThread "Unconstrained build operations Thread 100"        [_thread_blocked, id=26280, stack(0x0000007c85900000,0x0000007c85a00000) (1024K)]
  0x00000190ecff01d0 JavaThread "Unconstrained build operations Thread 101"        [_thread_blocked, id=13484, stack(0x0000007c85a00000,0x0000007c85b00000) (1024K)]
  0x00000190ecffac70 JavaThread "Unconstrained build operations Thread 102"        [_thread_blocked, id=10128, stack(0x0000007c84400000,0x0000007c84500000) (1024K)]
  0x00000190ecffb300 JavaThread "Unconstrained build operations Thread 103"        [_thread_blocked, id=25392, stack(0x0000007c85b00000,0x0000007c85c00000) (1024K)]
  0x00000190ecff98c0 JavaThread "Unconstrained build operations Thread 104"        [_thread_blocked, id=20552, stack(0x0000007c85c00000,0x0000007c85d00000) (1024K)]
  0x00000190ecffb990 JavaThread "Unconstrained build operations Thread 105"        [_thread_blocked, id=19824, stack(0x0000007c85d00000,0x0000007c85e00000) (1024K)]
  0x00000190ecff8510 JavaThread "Unconstrained build operations Thread 106"        [_thread_blocked, id=24116, stack(0x0000007c85e00000,0x0000007c85f00000) (1024K)]
  0x00000190ecffc020 JavaThread "Unconstrained build operations Thread 107"        [_thread_blocked, id=3916, stack(0x0000007c85f00000,0x0000007c86000000) (1024K)]
  0x00000190ecff8ba0 JavaThread "Unconstrained build operations Thread 108"        [_thread_blocked, id=10348, stack(0x0000007c86000000,0x0000007c86100000) (1024K)]
  0x00000190ecffc6b0 JavaThread "Unconstrained build operations Thread 109"        [_thread_blocked, id=10916, stack(0x0000007c86100000,0x0000007c86200000) (1024K)]
  0x00000190ecffcd40 JavaThread "Unconstrained build operations Thread 110"        [_thread_blocked, id=24040, stack(0x0000007c86200000,0x0000007c86300000) (1024K)]
  0x00000190ee071430 JavaThread "Unconstrained build operations Thread 111"        [_thread_blocked, id=2708, stack(0x0000007c86300000,0x0000007c86400000) (1024K)]
  0x00000190ee06f9f0 JavaThread "Unconstrained build operations Thread 112"        [_thread_blocked, id=14644, stack(0x0000007c86400000,0x0000007c86500000) (1024K)]
  0x00000190ee06ecd0 JavaThread "Unconstrained build operations Thread 113"        [_thread_blocked, id=2032, stack(0x0000007c86500000,0x0000007c86600000) (1024K)]
  0x00000190ee0727e0 JavaThread "Unconstrained build operations Thread 114"        [_thread_blocked, id=13928, stack(0x0000007c86600000,0x0000007c86700000) (1024K)]
  0x00000190ee072150 JavaThread "Unconstrained build operations Thread 115"        [_thread_blocked, id=22252, stack(0x0000007c86700000,0x0000007c86800000) (1024K)]
  0x00000190ee070080 JavaThread "Unconstrained build operations Thread 116"        [_thread_blocked, id=1820, stack(0x0000007c86800000,0x0000007c86900000) (1024K)]
  0x00000190ee071ac0 JavaThread "Unconstrained build operations Thread 117"        [_thread_blocked, id=17368, stack(0x0000007c86900000,0x0000007c86a00000) (1024K)]
  0x00000190ee070710 JavaThread "Unconstrained build operations Thread 118"        [_thread_blocked, id=11016, stack(0x0000007c86a00000,0x0000007c86b00000) (1024K)]
  0x00000190ee06f360 JavaThread "Unconstrained build operations Thread 119"        [_thread_blocked, id=22808, stack(0x0000007c86b00000,0x0000007c86c00000) (1024K)]
  0x00000190ee072e70 JavaThread "Unconstrained build operations Thread 120"        [_thread_blocked, id=13024, stack(0x0000007c86c00000,0x0000007c86d00000) (1024K)]
  0x00000190ecff1c10 JavaThread "build event listener"              [_thread_blocked, id=2072, stack(0x0000007c86d00000,0x0000007c86e00000) (1024K)]
  0x00000190fe37a730 JavaThread "File lock release action executor Thread 2"        [_thread_blocked, id=17820, stack(0x0000007c80800000,0x0000007c80900000) (1024K)]
  0x00000190f4a1a650 JavaThread "Problems report writer"            [_thread_blocked, id=15540, stack(0x0000007c86e00000,0x0000007c86f00000) (1024K)]
Total: 182

Other Threads:
=>0x00000190c8367b80 VMThread "VM Thread"                           [id=29188, stack(0x0000007cfac00000,0x0000007cfad00000) (1024K)]
  0x00000190c83534f0 WatcherThread "VM Periodic Task Thread"        [id=11172, stack(0x0000007cfab00000,0x0000007cfac00000) (1024K)]
  0x00000190ab318480 WorkerThread "GC Thread#0"                     [id=17232, stack(0x0000007cfa600000,0x0000007cfa700000) (1024K)]
  0x00000190c8a0afb0 WorkerThread "GC Thread#1"                     [id=22860, stack(0x0000007cfb700000,0x0000007cfb800000) (1024K)]
  0x00000190c8712070 WorkerThread "GC Thread#2"                     [id=28012, stack(0x0000007cfb800000,0x0000007cfb900000) (1024K)]
  0x00000190c8712420 WorkerThread "GC Thread#3"                     [id=12824, stack(0x0000007cfb900000,0x0000007cfba00000) (1024K)]
  0x00000190e81ed340 WorkerThread "GC Thread#4"                     [id=19620, stack(0x0000007cfba00000,0x0000007cfbb00000) (1024K)]
  0x00000190e8d1e610 WorkerThread "GC Thread#5"                     [id=12452, stack(0x0000007cfbb00000,0x0000007cfbc00000) (1024K)]
  0x00000190e95c1570 WorkerThread "GC Thread#6"                     [id=20948, stack(0x0000007cfc900000,0x0000007cfca00000) (1024K)]
  0x00000190e8dfbb90 WorkerThread "GC Thread#7"                     [id=19476, stack(0x0000007cfca00000,0x0000007cfcb00000) (1024K)]
  0x00000190e8dfbf40 WorkerThread "GC Thread#8"                     [id=7936, stack(0x0000007cfcb00000,0x0000007cfcc00000) (1024K)]
  0x00000190e95bcc30 WorkerThread "GC Thread#9"                     [id=27888, stack(0x0000007cfcc00000,0x0000007cfcd00000) (1024K)]
  0x00000190ab32a410 ConcurrentGCThread "G1 Main Marker"            [id=13356, stack(0x0000007cfa700000,0x0000007cfa800000) (1024K)]
  0x00000190ab32cb60 WorkerThread "G1 Conc#0"                       [id=21320, stack(0x0000007cfa800000,0x0000007cfa900000) (1024K)]
  0x00000190e9f2d9f0 WorkerThread "G1 Conc#1"                       [id=25436, stack(0x0000007cfcd00000,0x0000007cfce00000) (1024K)]
  0x00000190e9f30d90 WorkerThread "G1 Conc#2"                       [id=24692, stack(0x0000007cfce00000,0x0000007cfcf00000) (1024K)]
  0x00000190ab37e7e0 ConcurrentGCThread "G1 Refine#0"               [id=23952, stack(0x0000007cfa900000,0x0000007cfaa00000) (1024K)]
  0x00000190c8227550 ConcurrentGCThread "G1 Service"                [id=10060, stack(0x0000007cfaa00000,0x0000007cfab00000) (1024K)]
Total: 18

Threads with active compile tasks:
Total: 0

VM state: at safepoint (normal execution)

VM Mutex/Monitor currently owned by a thread:  ([mutex/lock_event])
[0x00007ff94a91f570] Threads_lock - owner thread: 0x00000190c8367b80
[0x00007ff94a91f670] Heap_lock - owner thread: 0x00000190c8911f80

Heap address: 0x0000000080000000, size: 2048 MB, Compressed Oops mode: 32-bit

CDS archive(s) mapped at: [0x00000190c9000000-0x00000190c9c80000-0x00000190c9c80000), size 13107200, SharedBaseAddress: 0x00000190c9000000, ArchiveRelocationMode: 1.
Compressed class space mapped at: 0x00000190ca000000-0x00000190e4000000, reserved size: 436207616
Narrow klass base: 0x00000190c9000000, Narrow klass shift: 0, Narrow klass range: 0x100000000

GC Precious Log:
 CardTable entry size: 512
 Card Set container configuration: InlinePtr #cards 5 size 8 Array Of Cards #cards 12 size 40 Howl #buckets 4 coarsen threshold 1843 Howl Bitmap #cards 512 size 80 coarsen threshold 460 Card regions per heap region 1 cards per card region 2048
 CPUs: 12 total, 12 available
 Memory: 5989M
 Large Page Support: Disabled
 NUMA Support: Disabled
 Compressed Oops: Enabled (32-bit)
 Heap Region Size: 1M
 Heap Min Capacity: 8M
 Heap Initial Capacity: 94M
 Heap Max Capacity: 2G
 Pre-touch: Disabled
 Parallel Workers: 10
 Concurrent Workers: 3
 Concurrent Refinement Workers: 10
 Periodic GC: Disabled

Heap:
 garbage-first heap   total 516096K, used 326684K [0x0000000080000000, 0x0000000100000000)
  region size 1024K, 11 young (11264K), 11 survivors (11264K)
 Metaspace       used 175008K, committed 178368K, reserved 622592K
  class space    used 23370K, committed 24960K, reserved 425984K

Heap Regions: E=young(eden), S=young(survivor), O=old, HS=humongous(starts), HC=humongous(continues), CS=collection set, F=free, TAMS=top-at-mark-start, PB=parsable bottom
|   0|0x0000000080000000, 0x0000000080100000, 0x0000000080100000|100%|HS|  |TAMS 0x0000000080000000| PB 0x0000000080000000| Complete 
|   1|0x0000000080100000, 0x0000000080200000, 0x0000000080200000|100%|HC|  |TAMS 0x0000000080100000| PB 0x0000000080100000| Complete 
|   2|0x0000000080200000, 0x0000000080300000, 0x0000000080300000|100%|HC|  |TAMS 0x0000000080200000| PB 0x0000000080200000| Complete 
|   3|0x0000000080300000, 0x0000000080400000, 0x0000000080400000|100%| O|  |TAMS 0x0000000080300000| PB 0x0000000080300000| Untracked 
|   4|0x0000000080400000, 0x0000000080500000, 0x0000000080500000|100%| O|  |TAMS 0x0000000080400000| PB 0x0000000080400000| Untracked 
|   5|0x0000000080500000, 0x0000000080600000, 0x0000000080600000|100%| O|  |TAMS 0x0000000080500000| PB 0x0000000080500000| Untracked 
|   6|0x0000000080600000, 0x0000000080700000, 0x0000000080700000|100%|HS|  |TAMS 0x0000000080600000| PB 0x0000000080600000| Complete 
|   7|0x0000000080700000, 0x0000000080800000, 0x0000000080800000|100%| O|  |TAMS 0x0000000080700000| PB 0x0000000080700000| Untracked 
|   8|0x0000000080800000, 0x0000000080900000, 0x0000000080900000|100%| O|  |TAMS 0x0000000080800000| PB 0x0000000080800000| Untracked 
|   9|0x0000000080900000, 0x0000000080a00000, 0x0000000080a00000|100%| O|  |TAMS 0x0000000080900000| PB 0x0000000080900000| Untracked 
|  10|0x0000000080a00000, 0x0000000080b00000, 0x0000000080b00000|100%| O|  |TAMS 0x0000000080a00000| PB 0x0000000080a00000| Untracked 
|  11|0x0000000080b00000, 0x0000000080c00000, 0x0000000080c00000|100%| O|  |TAMS 0x0000000080b00000| PB 0x0000000080b00000| Untracked 
|  12|0x0000000080c00000, 0x0000000080d00000, 0x0000000080d00000|100%| O|  |TAMS 0x0000000080c00000| PB 0x0000000080c00000| Untracked 
|  13|0x0000000080d00000, 0x0000000080e00000, 0x0000000080e00000|100%| O|  |TAMS 0x0000000080d00000| PB 0x0000000080d00000| Untracked 
|  14|0x0000000080e00000, 0x0000000080f00000, 0x0000000080f00000|100%| O|  |TAMS 0x0000000080e00000| PB 0x0000000080e00000| Untracked 
|  15|0x0000000080f00000, 0x0000000081000000, 0x0000000081000000|100%| O|  |TAMS 0x0000000080f00000| PB 0x0000000080f00000| Untracked 
|  16|0x0000000081000000, 0x0000000081100000, 0x0000000081100000|100%| O|  |TAMS 0x0000000081000000| PB 0x0000000081000000| Untracked 
|  17|0x0000000081100000, 0x0000000081200000, 0x0000000081200000|100%| O|  |TAMS 0x0000000081100000| PB 0x0000000081100000| Untracked 
|  18|0x0000000081200000, 0x0000000081300000, 0x0000000081300000|100%| O|  |TAMS 0x0000000081200000| PB 0x0000000081200000| Untracked 
|  19|0x0000000081300000, 0x0000000081400000, 0x0000000081400000|100%| O|  |TAMS 0x0000000081300000| PB 0x0000000081300000| Untracked 
|  20|0x0000000081400000, 0x0000000081500000, 0x0000000081500000|100%| O|  |TAMS 0x0000000081400000| PB 0x0000000081400000| Untracked 
|  21|0x0000000081500000, 0x0000000081600000, 0x0000000081600000|100%| O|  |TAMS 0x0000000081500000| PB 0x0000000081500000| Untracked 
|  22|0x0000000081600000, 0x0000000081700000, 0x0000000081700000|100%| O|  |TAMS 0x0000000081600000| PB 0x0000000081600000| Untracked 
|  23|0x0000000081700000, 0x0000000081800000, 0x0000000081800000|100%| O|  |TAMS 0x0000000081700000| PB 0x0000000081700000| Untracked 
|  24|0x0000000081800000, 0x0000000081900000, 0x0000000081900000|100%| O|  |TAMS 0x0000000081800000| PB 0x0000000081800000| Untracked 
|  25|0x0000000081900000, 0x0000000081a00000, 0x0000000081a00000|100%| O|  |TAMS 0x0000000081900000| PB 0x0000000081900000| Untracked 
|  26|0x0000000081a00000, 0x0000000081b00000, 0x0000000081b00000|100%| O|  |TAMS 0x0000000081a00000| PB 0x0000000081a00000| Untracked 
|  27|0x0000000081b00000, 0x0000000081c00000, 0x0000000081c00000|100%| O|  |TAMS 0x0000000081b00000| PB 0x0000000081b00000| Untracked 
|  28|0x0000000081c00000, 0x0000000081d00000, 0x0000000081d00000|100%| O|  |TAMS 0x0000000081c00000| PB 0x0000000081c00000| Untracked 
|  29|0x0000000081d00000, 0x0000000081e00000, 0x0000000081e00000|100%| O|  |TAMS 0x0000000081d00000| PB 0x0000000081d00000| Untracked 
|  30|0x0000000081e00000, 0x0000000081f00000, 0x0000000081f00000|100%| O|  |TAMS 0x0000000081e00000| PB 0x0000000081e00000| Untracked 
|  31|0x0000000081f00000, 0x0000000082000000, 0x0000000082000000|100%| O|  |TAMS 0x0000000081f00000| PB 0x0000000081f00000| Untracked 
|  32|0x0000000082000000, 0x0000000082100000, 0x0000000082100000|100%| O|  |TAMS 0x0000000082000000| PB 0x0000000082000000| Untracked 
|  33|0x0000000082100000, 0x0000000082200000, 0x0000000082200000|100%| O|  |TAMS 0x0000000082100000| PB 0x0000000082100000| Untracked 
|  34|0x0000000082200000, 0x0000000082300000, 0x0000000082300000|100%| O|  |TAMS 0x0000000082200000| PB 0x0000000082200000| Untracked 
|  35|0x0000000082300000, 0x0000000082400000, 0x0000000082400000|100%| O|  |TAMS 0x0000000082300000| PB 0x0000000082300000| Untracked 
|  36|0x0000000082400000, 0x0000000082500000, 0x0000000082500000|100%| O|  |TAMS 0x0000000082400000| PB 0x0000000082400000| Untracked 
|  37|0x0000000082500000, 0x0000000082600000, 0x0000000082600000|100%| O|  |TAMS 0x0000000082500000| PB 0x0000000082500000| Untracked 
|  38|0x0000000082600000, 0x0000000082700000, 0x0000000082700000|100%|HS|  |TAMS 0x0000000082600000| PB 0x0000000082600000| Complete 
|  39|0x0000000082700000, 0x0000000082800000, 0x0000000082800000|100%| O|  |TAMS 0x0000000082700000| PB 0x0000000082700000| Untracked 
|  40|0x0000000082800000, 0x0000000082900000, 0x0000000082900000|100%| O|  |TAMS 0x0000000082800000| PB 0x0000000082800000| Untracked 
|  41|0x0000000082900000, 0x0000000082a00000, 0x0000000082a00000|100%| O|  |TAMS 0x0000000082900000| PB 0x0000000082900000| Untracked 
|  42|0x0000000082a00000, 0x0000000082b00000, 0x0000000082b00000|100%| O|  |TAMS 0x0000000082a00000| PB 0x0000000082a00000| Untracked 
|  43|0x0000000082b00000, 0x0000000082c00000, 0x0000000082c00000|100%| O|  |TAMS 0x0000000082b00000| PB 0x0000000082b00000| Untracked 
|  44|0x0000000082c00000, 0x0000000082d00000, 0x0000000082d00000|100%| O|  |TAMS 0x0000000082c00000| PB 0x0000000082c00000| Untracked 
|  45|0x0000000082d00000, 0x0000000082e00000, 0x0000000082e00000|100%| O|  |TAMS 0x0000000082d00000| PB 0x0000000082d00000| Untracked 
|  46|0x0000000082e00000, 0x0000000082f00000, 0x0000000082f00000|100%| O|  |TAMS 0x0000000082e00000| PB 0x0000000082e00000| Untracked 
|  47|0x0000000082f00000, 0x0000000083000000, 0x0000000083000000|100%| O|  |TAMS 0x0000000082f00000| PB 0x0000000082f00000| Untracked 
|  48|0x0000000083000000, 0x0000000083100000, 0x0000000083100000|100%|HS|  |TAMS 0x0000000083000000| PB 0x0000000083000000| Complete 
|  49|0x0000000083100000, 0x0000000083200000, 0x0000000083200000|100%|HC|  |TAMS 0x0000000083100000| PB 0x0000000083100000| Complete 
|  50|0x0000000083200000, 0x0000000083300000, 0x0000000083300000|100%| O|  |TAMS 0x0000000083200000| PB 0x0000000083200000| Untracked 
|  51|0x0000000083300000, 0x0000000083400000, 0x0000000083400000|100%| O|  |TAMS 0x0000000083300000| PB 0x0000000083300000| Untracked 
|  52|0x0000000083400000, 0x0000000083500000, 0x0000000083500000|100%|HS|  |TAMS 0x0000000083400000| PB 0x0000000083400000| Complete 
|  53|0x0000000083500000, 0x0000000083600000, 0x0000000083600000|100%|HC|  |TAMS 0x0000000083500000| PB 0x0000000083500000| Complete 
|  54|0x0000000083600000, 0x0000000083700000, 0x0000000083700000|100%| O|  |TAMS 0x0000000083600000| PB 0x0000000083600000| Untracked 
|  55|0x0000000083700000, 0x0000000083800000, 0x0000000083800000|100%| O|  |TAMS 0x0000000083700000| PB 0x0000000083700000| Untracked 
|  56|0x0000000083800000, 0x0000000083900000, 0x0000000083900000|100%| O|  |TAMS 0x0000000083800000| PB 0x0000000083800000| Untracked 
|  57|0x0000000083900000, 0x0000000083a00000, 0x0000000083a00000|100%| O|  |TAMS 0x0000000083900000| PB 0x0000000083900000| Untracked 
|  58|0x0000000083a00000, 0x0000000083b00000, 0x0000000083b00000|100%| O|  |TAMS 0x0000000083a00000| PB 0x0000000083a00000| Untracked 
|  59|0x0000000083b00000, 0x0000000083c00000, 0x0000000083c00000|100%| O|  |TAMS 0x0000000083b00000| PB 0x0000000083b00000| Untracked 
|  60|0x0000000083c00000, 0x0000000083d00000, 0x0000000083d00000|100%| O|  |TAMS 0x0000000083c00000| PB 0x0000000083c00000| Untracked 
|  61|0x0000000083d00000, 0x0000000083e00000, 0x0000000083e00000|100%| O|  |TAMS 0x0000000083d00000| PB 0x0000000083d00000| Untracked 
|  62|0x0000000083e00000, 0x0000000083f00000, 0x0000000083f00000|100%| O|  |TAMS 0x0000000083e00000| PB 0x0000000083e00000| Untracked 
|  63|0x0000000083f00000, 0x0000000084000000, 0x0000000084000000|100%| O|  |TAMS 0x0000000083f00000| PB 0x0000000083f00000| Untracked 
|  64|0x0000000084000000, 0x0000000084100000, 0x0000000084100000|100%| O|  |TAMS 0x0000000084000000| PB 0x0000000084000000| Untracked 
|  65|0x0000000084100000, 0x0000000084200000, 0x0000000084200000|100%| O|  |TAMS 0x0000000084100000| PB 0x0000000084100000| Untracked 
|  66|0x0000000084200000, 0x0000000084300000, 0x0000000084300000|100%| O|  |TAMS 0x0000000084200000| PB 0x0000000084200000| Untracked 
|  67|0x0000000084300000, 0x0000000084400000, 0x0000000084400000|100%| O|  |TAMS 0x0000000084300000| PB 0x0000000084300000| Untracked 
|  68|0x0000000084400000, 0x0000000084500000, 0x0000000084500000|100%| O|  |TAMS 0x0000000084400000| PB 0x0000000084400000| Untracked 
|  69|0x0000000084500000, 0x0000000084600000, 0x0000000084600000|100%|HS|  |TAMS 0x0000000084500000| PB 0x0000000084500000| Complete 
|  70|0x0000000084600000, 0x0000000084700000, 0x0000000084700000|100%| O|  |TAMS 0x0000000084600000| PB 0x0000000084600000| Untracked 
|  71|0x0000000084700000, 0x0000000084800000, 0x0000000084800000|100%| O|  |TAMS 0x0000000084700000| PB 0x0000000084700000| Untracked 
|  72|0x0000000084800000, 0x0000000084900000, 0x0000000084900000|100%| O|  |TAMS 0x0000000084800000| PB 0x0000000084800000| Untracked 
|  73|0x0000000084900000, 0x0000000084a00000, 0x0000000084a00000|100%| O|  |TAMS 0x0000000084900000| PB 0x0000000084900000| Untracked 
|  74|0x0000000084a00000, 0x0000000084b00000, 0x0000000084b00000|100%| O|  |TAMS 0x0000000084a00000| PB 0x0000000084a00000| Untracked 
|  75|0x0000000084b00000, 0x0000000084c00000, 0x0000000084c00000|100%| O|Cm|TAMS 0x0000000084b00000| PB 0x0000000084b00000| Complete 
|  76|0x0000000084c00000, 0x0000000084d00000, 0x0000000084d00000|100%|HS|  |TAMS 0x0000000084c00000| PB 0x0000000084c00000| Complete 
|  77|0x0000000084d00000, 0x0000000084e00000, 0x0000000084e00000|100%|HS|  |TAMS 0x0000000084d00000| PB 0x0000000084d00000| Complete 
|  78|0x0000000084e00000, 0x0000000084f00000, 0x0000000084f00000|100%|HS|  |TAMS 0x0000000084e00000| PB 0x0000000084e00000| Complete 
|  79|0x0000000084f00000, 0x0000000085000000, 0x0000000085000000|100%|HS|  |TAMS 0x0000000084f00000| PB 0x0000000084f00000| Complete 
|  80|0x0000000085000000, 0x0000000085100000, 0x0000000085100000|100%|HS|  |TAMS 0x0000000085000000| PB 0x0000000085000000| Complete 
|  81|0x0000000085100000, 0x0000000085200000, 0x0000000085200000|100%| O|  |TAMS 0x0000000085100000| PB 0x0000000085100000| Untracked 
|  82|0x0000000085200000, 0x0000000085300000, 0x0000000085300000|100%| O|Cm|TAMS 0x0000000085200000| PB 0x0000000085200000| Complete 
|  83|0x0000000085300000, 0x0000000085400000, 0x0000000085400000|100%| O|  |TAMS 0x0000000085300000| PB 0x0000000085300000| Untracked 
|  84|0x0000000085400000, 0x0000000085500000, 0x0000000085500000|100%| O|  |TAMS 0x0000000085400000| PB 0x0000000085400000| Untracked 
|  85|0x0000000085500000, 0x0000000085600000, 0x0000000085600000|100%|HS|  |TAMS 0x0000000085500000| PB 0x0000000085500000| Complete 
|  86|0x0000000085600000, 0x0000000085700000, 0x0000000085700000|100%|HC|  |TAMS 0x0000000085600000| PB 0x0000000085600000| Complete 
|  87|0x0000000085700000, 0x0000000085800000, 0x0000000085800000|100%|HS|  |TAMS 0x0000000085700000| PB 0x0000000085700000| Complete 
|  88|0x0000000085800000, 0x0000000085900000, 0x0000000085900000|100%| O|  |TAMS 0x0000000085800000| PB 0x0000000085800000| Untracked 
|  89|0x0000000085900000, 0x0000000085a00000, 0x0000000085a00000|100%| O|  |TAMS 0x0000000085900000| PB 0x0000000085900000| Untracked 
|  90|0x0000000085a00000, 0x0000000085b00000, 0x0000000085b00000|100%| O|  |TAMS 0x0000000085a00000| PB 0x0000000085a00000| Untracked 
|  91|0x0000000085b00000, 0x0000000085c00000, 0x0000000085c00000|100%| O|  |TAMS 0x0000000085b00000| PB 0x0000000085b00000| Untracked 
|  92|0x0000000085c00000, 0x0000000085d00000, 0x0000000085d00000|100%|HS|  |TAMS 0x0000000085c00000| PB 0x0000000085c00000| Complete 
|  93|0x0000000085d00000, 0x0000000085e00000, 0x0000000085e00000|100%| O|  |TAMS 0x0000000085d00000| PB 0x0000000085d00000| Untracked 
|  94|0x0000000085e00000, 0x0000000085f00000, 0x0000000085f00000|100%| O|  |TAMS 0x0000000085e00000| PB 0x0000000085e00000| Untracked 
|  95|0x0000000085f00000, 0x0000000086000000, 0x0000000086000000|100%| O|  |TAMS 0x0000000085f00000| PB 0x0000000085f00000| Untracked 
|  96|0x0000000086000000, 0x0000000086100000, 0x0000000086100000|100%| O|Cm|TAMS 0x0000000086000000| PB 0x0000000086000000| Complete 
|  97|0x0000000086100000, 0x0000000086200000, 0x0000000086200000|100%| O|  |TAMS 0x0000000086100000| PB 0x0000000086100000| Untracked 
|  98|0x0000000086200000, 0x0000000086300000, 0x0000000086300000|100%| O|  |TAMS 0x0000000086200000| PB 0x0000000086200000| Untracked 
|  99|0x0000000086300000, 0x0000000086400000, 0x0000000086400000|100%| O|  |TAMS 0x0000000086300000| PB 0x0000000086300000| Untracked 
| 100|0x0000000086400000, 0x0000000086500000, 0x0000000086500000|100%|HS|  |TAMS 0x0000000086400000| PB 0x0000000086400000| Complete 
| 101|0x0000000086500000, 0x0000000086600000, 0x0000000086600000|100%| O|  |TAMS 0x0000000086500000| PB 0x0000000086500000| Untracked 
| 102|0x0000000086600000, 0x0000000086700000, 0x0000000086700000|100%| O|  |TAMS 0x0000000086600000| PB 0x0000000086600000| Untracked 
| 103|0x0000000086700000, 0x0000000086800000, 0x0000000086800000|100%| O|  |TAMS 0x0000000086700000| PB 0x0000000086700000| Untracked 
| 104|0x0000000086800000, 0x0000000086900000, 0x0000000086900000|100%| O|  |TAMS 0x0000000086800000| PB 0x0000000086800000| Untracked 
| 105|0x0000000086900000, 0x0000000086a00000, 0x0000000086a00000|100%|HS|  |TAMS 0x0000000086900000| PB 0x0000000086900000| Complete 
| 106|0x0000000086a00000, 0x0000000086b00000, 0x0000000086b00000|100%|HC|  |TAMS 0x0000000086a00000| PB 0x0000000086a00000| Complete 
| 107|0x0000000086b00000, 0x0000000086c00000, 0x0000000086c00000|100%|HC|  |TAMS 0x0000000086b00000| PB 0x0000000086b00000| Complete 
| 108|0x0000000086c00000, 0x0000000086d00000, 0x0000000086d00000|100%|HC|  |TAMS 0x0000000086c00000| PB 0x0000000086c00000| Complete 
| 109|0x0000000086d00000, 0x0000000086e00000, 0x0000000086e00000|100%|HC|  |TAMS 0x0000000086d00000| PB 0x0000000086d00000| Complete 
| 110|0x0000000086e00000, 0x0000000086f00000, 0x0000000086f00000|100%|HC|  |TAMS 0x0000000086e00000| PB 0x0000000086e00000| Complete 
| 111|0x0000000086f00000, 0x0000000087000000, 0x0000000087000000|100%|HS|  |TAMS 0x0000000086f00000| PB 0x0000000086f00000| Complete 
| 112|0x0000000087000000, 0x0000000087100000, 0x0000000087100000|100%| O|  |TAMS 0x0000000087000000| PB 0x0000000087000000| Untracked 
| 113|0x0000000087100000, 0x0000000087200000, 0x0000000087200000|100%| O|  |TAMS 0x0000000087100000| PB 0x0000000087100000| Untracked 
| 114|0x0000000087200000, 0x0000000087300000, 0x0000000087300000|100%| O|  |TAMS 0x0000000087200000| PB 0x0000000087200000| Untracked 
| 115|0x0000000087300000, 0x0000000087400000, 0x0000000087400000|100%| O|  |TAMS 0x0000000087300000| PB 0x0000000087300000| Untracked 
| 116|0x0000000087400000, 0x0000000087500000, 0x0000000087500000|100%| O|  |TAMS 0x0000000087400000| PB 0x0000000087400000| Untracked 
| 117|0x0000000087500000, 0x0000000087600000, 0x0000000087600000|100%| O|  |TAMS 0x0000000087500000| PB 0x0000000087500000| Untracked 
| 118|0x0000000087600000, 0x0000000087700000, 0x0000000087700000|100%| O|  |TAMS 0x0000000087600000| PB 0x0000000087600000| Untracked 
| 119|0x0000000087700000, 0x0000000087800000, 0x0000000087800000|100%| O|  |TAMS 0x0000000087700000| PB 0x0000000087700000| Untracked 
| 120|0x0000000087800000, 0x0000000087900000, 0x0000000087900000|100%| O|  |TAMS 0x0000000087800000| PB 0x0000000087800000| Untracked 
| 121|0x0000000087900000, 0x0000000087a00000, 0x0000000087a00000|100%| O|  |TAMS 0x0000000087900000| PB 0x0000000087900000| Untracked 
| 122|0x0000000087a00000, 0x0000000087b00000, 0x0000000087b00000|100%| O|  |TAMS 0x0000000087a00000| PB 0x0000000087a00000| Untracked 
| 123|0x0000000087b00000, 0x0000000087c00000, 0x0000000087c00000|100%| O|  |TAMS 0x0000000087b00000| PB 0x0000000087b00000| Untracked 
| 124|0x0000000087c00000, 0x0000000087d00000, 0x0000000087d00000|100%| O|  |TAMS 0x0000000087c00000| PB 0x0000000087c00000| Untracked 
| 125|0x0000000087d00000, 0x0000000087e00000, 0x0000000087e00000|100%| O|  |TAMS 0x0000000087d00000| PB 0x0000000087d00000| Untracked 
| 126|0x0000000087e00000, 0x0000000087f00000, 0x0000000087f00000|100%| O|  |TAMS 0x0000000087e00000| PB 0x0000000087e00000| Untracked 
| 127|0x0000000087f00000, 0x0000000088000000, 0x0000000088000000|100%| O|  |TAMS 0x0000000087f00000| PB 0x0000000087f00000| Untracked 
| 128|0x0000000088000000, 0x0000000088100000, 0x0000000088100000|100%| O|  |TAMS 0x0000000088000000| PB 0x0000000088000000| Untracked 
| 129|0x0000000088100000, 0x0000000088200000, 0x0000000088200000|100%| O|  |TAMS 0x0000000088100000| PB 0x0000000088100000| Untracked 
| 130|0x0000000088200000, 0x0000000088300000, 0x0000000088300000|100%| O|  |TAMS 0x0000000088200000| PB 0x0000000088200000| Untracked 
| 131|0x0000000088300000, 0x0000000088400000, 0x0000000088400000|100%| O|  |TAMS 0x0000000088300000| PB 0x0000000088300000| Untracked 
| 132|0x0000000088400000, 0x0000000088500000, 0x0000000088500000|100%| O|  |TAMS 0x0000000088400000| PB 0x0000000088400000| Untracked 
| 133|0x0000000088500000, 0x0000000088600000, 0x0000000088600000|100%| O|  |TAMS 0x0000000088500000| PB 0x0000000088500000| Untracked 
| 134|0x0000000088600000, 0x0000000088700000, 0x0000000088700000|100%| O|  |TAMS 0x0000000088600000| PB 0x0000000088600000| Untracked 
| 135|0x0000000088700000, 0x0000000088800000, 0x0000000088800000|100%| O|  |TAMS 0x0000000088700000| PB 0x0000000088700000| Untracked 
| 136|0x0000000088800000, 0x0000000088900000, 0x0000000088900000|100%| O|  |TAMS 0x0000000088800000| PB 0x0000000088800000| Untracked 
| 137|0x0000000088900000, 0x0000000088a00000, 0x0000000088a00000|100%| O|  |TAMS 0x0000000088900000| PB 0x0000000088900000| Untracked 
| 138|0x0000000088a00000, 0x0000000088b00000, 0x0000000088b00000|100%| O|  |TAMS 0x0000000088a00000| PB 0x0000000088a00000| Untracked 
| 139|0x0000000088b00000, 0x0000000088c00000, 0x0000000088c00000|100%| O|  |TAMS 0x0000000088b00000| PB 0x0000000088b00000| Untracked 
| 140|0x0000000088c00000, 0x0000000088d00000, 0x0000000088d00000|100%| O|  |TAMS 0x0000000088c00000| PB 0x0000000088c00000| Untracked 
| 141|0x0000000088d00000, 0x0000000088e00000, 0x0000000088e00000|100%| O|  |TAMS 0x0000000088d00000| PB 0x0000000088d00000| Untracked 
| 142|0x0000000088e00000, 0x0000000088f00000, 0x0000000088f00000|100%| O|  |TAMS 0x0000000088e00000| PB 0x0000000088e00000| Untracked 
| 143|0x0000000088f00000, 0x0000000089000000, 0x0000000089000000|100%| O|  |TAMS 0x0000000088f00000| PB 0x0000000088f00000| Untracked 
| 144|0x0000000089000000, 0x0000000089100000, 0x0000000089100000|100%| O|  |TAMS 0x0000000089000000| PB 0x0000000089000000| Untracked 
| 145|0x0000000089100000, 0x0000000089200000, 0x0000000089200000|100%| O|  |TAMS 0x0000000089100000| PB 0x0000000089100000| Untracked 
| 146|0x0000000089200000, 0x0000000089300000, 0x0000000089300000|100%| O|  |TAMS 0x0000000089200000| PB 0x0000000089200000| Untracked 
| 147|0x0000000089300000, 0x0000000089400000, 0x0000000089400000|100%|HS|  |TAMS 0x0000000089300000| PB 0x0000000089300000| Complete 
| 148|0x0000000089400000, 0x0000000089500000, 0x0000000089500000|100%|HS|  |TAMS 0x0000000089400000| PB 0x0000000089400000| Complete 
| 149|0x0000000089500000, 0x0000000089600000, 0x0000000089600000|100%| O|  |TAMS 0x0000000089500000| PB 0x0000000089500000| Untracked 
| 150|0x0000000089600000, 0x0000000089700000, 0x0000000089700000|100%| O|  |TAMS 0x0000000089600000| PB 0x0000000089600000| Untracked 
| 151|0x0000000089700000, 0x0000000089800000, 0x0000000089800000|100%| O|  |TAMS 0x0000000089700000| PB 0x0000000089700000| Untracked 
| 152|0x0000000089800000, 0x0000000089900000, 0x0000000089900000|100%| O|  |TAMS 0x0000000089800000| PB 0x0000000089800000| Untracked 
| 153|0x0000000089900000, 0x0000000089a00000, 0x0000000089a00000|100%| O|  |TAMS 0x0000000089900000| PB 0x0000000089900000| Untracked 
| 154|0x0000000089a00000, 0x0000000089b00000, 0x0000000089b00000|100%| O|  |TAMS 0x0000000089a00000| PB 0x0000000089a00000| Untracked 
| 155|0x0000000089b00000, 0x0000000089c00000, 0x0000000089c00000|100%| O|  |TAMS 0x0000000089b00000| PB 0x0000000089b00000| Untracked 
| 156|0x0000000089c00000, 0x0000000089d00000, 0x0000000089d00000|100%| O|  |TAMS 0x0000000089c00000| PB 0x0000000089c00000| Untracked 
| 157|0x0000000089d00000, 0x0000000089e00000, 0x0000000089e00000|100%| O|  |TAMS 0x0000000089d00000| PB 0x0000000089d00000| Untracked 
| 158|0x0000000089e00000, 0x0000000089f00000, 0x0000000089f00000|100%| O|  |TAMS 0x0000000089e00000| PB 0x0000000089e00000| Untracked 
| 159|0x0000000089f00000, 0x000000008a000000, 0x000000008a000000|100%| O|  |TAMS 0x0000000089f00000| PB 0x0000000089f00000| Untracked 
| 160|0x000000008a000000, 0x000000008a100000, 0x000000008a100000|100%| O|  |TAMS 0x000000008a000000| PB 0x000000008a000000| Untracked 
| 161|0x000000008a100000, 0x000000008a200000, 0x000000008a200000|100%|HS|  |TAMS 0x000000008a100000| PB 0x000000008a100000| Complete 
| 162|0x000000008a200000, 0x000000008a300000, 0x000000008a300000|100%|HS|  |TAMS 0x000000008a200000| PB 0x000000008a200000| Complete 
| 163|0x000000008a300000, 0x000000008a400000, 0x000000008a400000|100%|HS|  |TAMS 0x000000008a300000| PB 0x000000008a300000| Complete 
| 164|0x000000008a400000, 0x000000008a500000, 0x000000008a500000|100%| O|  |TAMS 0x000000008a400000| PB 0x000000008a400000| Untracked 
| 165|0x000000008a500000, 0x000000008a600000, 0x000000008a600000|100%|HS|  |TAMS 0x000000008a500000| PB 0x000000008a500000| Complete 
| 166|0x000000008a600000, 0x000000008a700000, 0x000000008a700000|100%| O|  |TAMS 0x000000008a600000| PB 0x000000008a600000| Untracked 
| 167|0x000000008a700000, 0x000000008a800000, 0x000000008a800000|100%| O|  |TAMS 0x000000008a700000| PB 0x000000008a700000| Untracked 
| 168|0x000000008a800000, 0x000000008a900000, 0x000000008a900000|100%| O|  |TAMS 0x000000008a800000| PB 0x000000008a800000| Untracked 
| 169|0x000000008a900000, 0x000000008aa00000, 0x000000008aa00000|100%| O|  |TAMS 0x000000008a900000| PB 0x000000008a900000| Untracked 
| 170|0x000000008aa00000, 0x000000008ab00000, 0x000000008ab00000|100%| O|  |TAMS 0x000000008aa00000| PB 0x000000008aa00000| Untracked 
| 171|0x000000008ab00000, 0x000000008ac00000, 0x000000008ac00000|100%| O|  |TAMS 0x000000008ab00000| PB 0x000000008ab00000| Untracked 
| 172|0x000000008ac00000, 0x000000008ad00000, 0x000000008ad00000|100%| O|  |TAMS 0x000000008ac00000| PB 0x000000008ac00000| Untracked 
| 173|0x000000008ad00000, 0x000000008ae00000, 0x000000008ae00000|100%| O|  |TAMS 0x000000008ad00000| PB 0x000000008ad00000| Untracked 
| 174|0x000000008ae00000, 0x000000008af00000, 0x000000008af00000|100%| O|  |TAMS 0x000000008ae00000| PB 0x000000008ae00000| Untracked 
| 175|0x000000008af00000, 0x000000008b000000, 0x000000008b000000|100%| O|  |TAMS 0x000000008af00000| PB 0x000000008af00000| Untracked 
| 176|0x000000008b000000, 0x000000008b100000, 0x000000008b100000|100%| O|  |TAMS 0x000000008b000000| PB 0x000000008b000000| Untracked 
| 177|0x000000008b100000, 0x000000008b200000, 0x000000008b200000|100%| O|  |TAMS 0x000000008b100000| PB 0x000000008b100000| Untracked 
| 178|0x000000008b200000, 0x000000008b300000, 0x000000008b300000|100%| O|  |TAMS 0x000000008b200000| PB 0x000000008b200000| Untracked 
| 179|0x000000008b300000, 0x000000008b400000, 0x000000008b400000|100%| O|  |TAMS 0x000000008b300000| PB 0x000000008b300000| Untracked 
| 180|0x000000008b400000, 0x000000008b500000, 0x000000008b500000|100%|HS|  |TAMS 0x000000008b400000| PB 0x000000008b400000| Complete 
| 181|0x000000008b500000, 0x000000008b600000, 0x000000008b600000|100%| O|  |TAMS 0x000000008b500000| PB 0x000000008b500000| Untracked 
| 182|0x000000008b600000, 0x000000008b700000, 0x000000008b700000|100%| O|  |TAMS 0x000000008b600000| PB 0x000000008b600000| Untracked 
| 183|0x000000008b700000, 0x000000008b800000, 0x000000008b800000|100%| O|  |TAMS 0x000000008b700000| PB 0x000000008b700000| Untracked 
| 184|0x000000008b800000, 0x000000008b900000, 0x000000008b900000|100%| O|  |TAMS 0x000000008b800000| PB 0x000000008b800000| Untracked 
| 185|0x000000008b900000, 0x000000008ba00000, 0x000000008ba00000|100%| O|  |TAMS 0x000000008b900000| PB 0x000000008b900000| Untracked 
| 186|0x000000008ba00000, 0x000000008bb00000, 0x000000008bb00000|100%| O|  |TAMS 0x000000008ba00000| PB 0x000000008ba00000| Untracked 
| 187|0x000000008bb00000, 0x000000008bc00000, 0x000000008bc00000|100%| O|  |TAMS 0x000000008bb00000| PB 0x000000008bb00000| Untracked 
| 188|0x000000008bc00000, 0x000000008bd00000, 0x000000008bd00000|100%| O|  |TAMS 0x000000008bc00000| PB 0x000000008bc00000| Untracked 
| 189|0x000000008bd00000, 0x000000008be00000, 0x000000008be00000|100%|HS|  |TAMS 0x000000008bd00000| PB 0x000000008bd00000| Complete 
| 190|0x000000008be00000, 0x000000008bf00000, 0x000000008bf00000|100%|HC|  |TAMS 0x000000008be00000| PB 0x000000008be00000| Complete 
| 191|0x000000008bf00000, 0x000000008c000000, 0x000000008c000000|100%|HC|  |TAMS 0x000000008bf00000| PB 0x000000008bf00000| Complete 
| 192|0x000000008c000000, 0x000000008c100000, 0x000000008c100000|100%|HS|  |TAMS 0x000000008c000000| PB 0x000000008c000000| Complete 
| 193|0x000000008c100000, 0x000000008c200000, 0x000000008c200000|100%|HC|  |TAMS 0x000000008c100000| PB 0x000000008c100000| Complete 
| 194|0x000000008c200000, 0x000000008c300000, 0x000000008c300000|100%| O|  |TAMS 0x000000008c200000| PB 0x000000008c200000| Untracked 
| 195|0x000000008c300000, 0x000000008c400000, 0x000000008c400000|100%| O|  |TAMS 0x000000008c300000| PB 0x000000008c300000| Untracked 
| 196|0x000000008c400000, 0x000000008c500000, 0x000000008c500000|100%| O|  |TAMS 0x000000008c400000| PB 0x000000008c400000| Untracked 
| 197|0x000000008c500000, 0x000000008c600000, 0x000000008c600000|100%| O|  |TAMS 0x000000008c500000| PB 0x000000008c500000| Untracked 
| 198|0x000000008c600000, 0x000000008c700000, 0x000000008c700000|100%| O|  |TAMS 0x000000008c600000| PB 0x000000008c600000| Untracked 
| 199|0x000000008c700000, 0x000000008c800000, 0x000000008c800000|100%| O|  |TAMS 0x000000008c700000| PB 0x000000008c700000| Untracked 
| 200|0x000000008c800000, 0x000000008c900000, 0x000000008c900000|100%| O|  |TAMS 0x000000008c800000| PB 0x000000008c800000| Untracked 
| 201|0x000000008c900000, 0x000000008ca00000, 0x000000008ca00000|100%| O|  |TAMS 0x000000008c900000| PB 0x000000008c900000| Untracked 
| 202|0x000000008ca00000, 0x000000008cb00000, 0x000000008cb00000|100%| O|  |TAMS 0x000000008ca00000| PB 0x000000008ca00000| Untracked 
| 203|0x000000008cb00000, 0x000000008cc00000, 0x000000008cc00000|100%| O|  |TAMS 0x000000008cb00000| PB 0x000000008cb00000| Untracked 
| 204|0x000000008cc00000, 0x000000008cd00000, 0x000000008cd00000|100%| O|  |TAMS 0x000000008cc00000| PB 0x000000008cc00000| Untracked 
| 205|0x000000008cd00000, 0x000000008ce00000, 0x000000008ce00000|100%| O|  |TAMS 0x000000008cd00000| PB 0x000000008cd00000| Untracked 
| 206|0x000000008ce00000, 0x000000008cf00000, 0x000000008cf00000|100%| O|  |TAMS 0x000000008ce00000| PB 0x000000008ce00000| Untracked 
| 207|0x000000008cf00000, 0x000000008d000000, 0x000000008d000000|100%| O|  |TAMS 0x000000008cf00000| PB 0x000000008cf00000| Untracked 
| 208|0x000000008d000000, 0x000000008d100000, 0x000000008d100000|100%| O|  |TAMS 0x000000008d000000| PB 0x000000008d000000| Untracked 
| 209|0x000000008d100000, 0x000000008d200000, 0x000000008d200000|100%| O|  |TAMS 0x000000008d100000| PB 0x000000008d100000| Untracked 
| 210|0x000000008d200000, 0x000000008d300000, 0x000000008d300000|100%| O|  |TAMS 0x000000008d200000| PB 0x000000008d200000| Untracked 
| 211|0x000000008d300000, 0x000000008d400000, 0x000000008d400000|100%|HS|  |TAMS 0x000000008d300000| PB 0x000000008d300000| Complete 
| 212|0x000000008d400000, 0x000000008d500000, 0x000000008d500000|100%|HC|  |TAMS 0x000000008d400000| PB 0x000000008d400000| Complete 
| 213|0x000000008d500000, 0x000000008d600000, 0x000000008d600000|100%|HS|  |TAMS 0x000000008d500000| PB 0x000000008d500000| Complete 
| 214|0x000000008d600000, 0x000000008d700000, 0x000000008d700000|100%|HS|  |TAMS 0x000000008d600000| PB 0x000000008d600000| Complete 
| 215|0x000000008d700000, 0x000000008d800000, 0x000000008d800000|100%|HC|  |TAMS 0x000000008d700000| PB 0x000000008d700000| Complete 
| 216|0x000000008d800000, 0x000000008d900000, 0x000000008d900000|100%|HC|  |TAMS 0x000000008d800000| PB 0x000000008d800000| Complete 
| 217|0x000000008d900000, 0x000000008da00000, 0x000000008da00000|100%|HC|  |TAMS 0x000000008d900000| PB 0x000000008d900000| Complete 
| 218|0x000000008da00000, 0x000000008db00000, 0x000000008db00000|100%|HS|  |TAMS 0x000000008da00000| PB 0x000000008da00000| Complete 
| 219|0x000000008db00000, 0x000000008dc00000, 0x000000008dc00000|100%|HS|  |TAMS 0x000000008db00000| PB 0x000000008db00000| Complete 
| 220|0x000000008dc00000, 0x000000008dd00000, 0x000000008dd00000|100%|HC|  |TAMS 0x000000008dc00000| PB 0x000000008dc00000| Complete 
| 221|0x000000008dd00000, 0x000000008de00000, 0x000000008de00000|100%| O|Cm|TAMS 0x000000008dd00000| PB 0x000000008dd00000| Complete 
| 222|0x000000008de00000, 0x000000008df00000, 0x000000008df00000|100%|HS|  |TAMS 0x000000008de00000| PB 0x000000008de00000| Complete 
| 223|0x000000008df00000, 0x000000008e000000, 0x000000008e000000|100%| O|  |TAMS 0x000000008df00000| PB 0x000000008df00000| Untracked 
| 224|0x000000008e000000, 0x000000008e100000, 0x000000008e100000|100%| O|  |TAMS 0x000000008e000000| PB 0x000000008e000000| Untracked 
| 225|0x000000008e100000, 0x000000008e200000, 0x000000008e200000|100%| O|  |TAMS 0x000000008e100000| PB 0x000000008e100000| Untracked 
| 226|0x000000008e200000, 0x000000008e300000, 0x000000008e300000|100%| O|Cm|TAMS 0x000000008e200000| PB 0x000000008e200000| Complete 
| 227|0x000000008e300000, 0x000000008e400000, 0x000000008e400000|100%| O|  |TAMS 0x000000008e300000| PB 0x000000008e300000| Untracked 
| 228|0x000000008e400000, 0x000000008e500000, 0x000000008e500000|100%| O|  |TAMS 0x000000008e400000| PB 0x000000008e400000| Untracked 
| 229|0x000000008e500000, 0x000000008e600000, 0x000000008e600000|100%| O|  |TAMS 0x000000008e500000| PB 0x000000008e500000| Untracked 
| 230|0x000000008e600000, 0x000000008e700000, 0x000000008e700000|100%| O|  |TAMS 0x000000008e600000| PB 0x000000008e600000| Untracked 
| 231|0x000000008e700000, 0x000000008e800000, 0x000000008e800000|100%| O|  |TAMS 0x000000008e700000| PB 0x000000008e700000| Untracked 
| 232|0x000000008e800000, 0x000000008e900000, 0x000000008e900000|100%| O|  |TAMS 0x000000008e800000| PB 0x000000008e800000| Untracked 
| 233|0x000000008e900000, 0x000000008ea00000, 0x000000008ea00000|100%| O|  |TAMS 0x000000008e900000| PB 0x000000008e900000| Untracked 
| 234|0x000000008ea00000, 0x000000008eb00000, 0x000000008eb00000|100%| O|  |TAMS 0x000000008ea00000| PB 0x000000008ea00000| Untracked 
| 235|0x000000008eb00000, 0x000000008ec00000, 0x000000008ec00000|100%| O|  |TAMS 0x000000008eb00000| PB 0x000000008eb00000| Untracked 
| 236|0x000000008ec00000, 0x000000008ed00000, 0x000000008ed00000|100%| O|  |TAMS 0x000000008ec00000| PB 0x000000008ec00000| Untracked 
| 237|0x000000008ed00000, 0x000000008ee00000, 0x000000008ee00000|100%| O|Cm|TAMS 0x000000008ed00000| PB 0x000000008ed00000| Complete 
| 238|0x000000008ee00000, 0x000000008ef00000, 0x000000008ef00000|100%| O|  |TAMS 0x000000008ee00000| PB 0x000000008ee00000| Untracked 
| 239|0x000000008ef00000, 0x000000008f000000, 0x000000008f000000|100%| O|  |TAMS 0x000000008ef00000| PB 0x000000008ef00000| Untracked 
| 240|0x000000008f000000, 0x000000008f100000, 0x000000008f100000|100%| O|  |TAMS 0x000000008f000000| PB 0x000000008f000000| Untracked 
| 241|0x000000008f100000, 0x000000008f200000, 0x000000008f200000|100%| O|  |TAMS 0x000000008f100000| PB 0x000000008f100000| Untracked 
| 242|0x000000008f200000, 0x000000008f300000, 0x000000008f300000|100%| O|  |TAMS 0x000000008f200000| PB 0x000000008f200000| Untracked 
| 243|0x000000008f300000, 0x000000008f400000, 0x000000008f400000|100%| O|  |TAMS 0x000000008f300000| PB 0x000000008f300000| Untracked 
| 244|0x000000008f400000, 0x000000008f500000, 0x000000008f500000|100%| O|  |TAMS 0x000000008f400000| PB 0x000000008f400000| Untracked 
| 245|0x000000008f500000, 0x000000008f600000, 0x000000008f600000|100%|HS|  |TAMS 0x000000008f500000| PB 0x000000008f500000| Complete 
| 246|0x000000008f600000, 0x000000008f700000, 0x000000008f700000|100%|HS|  |TAMS 0x000000008f600000| PB 0x000000008f600000| Complete 
| 247|0x000000008f700000, 0x000000008f800000, 0x000000008f800000|100%|HS|  |TAMS 0x000000008f700000| PB 0x000000008f700000| Complete 
| 248|0x000000008f800000, 0x000000008f900000, 0x000000008f900000|100%|HS|  |TAMS 0x000000008f800000| PB 0x000000008f800000| Complete 
| 249|0x000000008f900000, 0x000000008fa00000, 0x000000008fa00000|100%|HC|  |TAMS 0x000000008f900000| PB 0x000000008f900000| Complete 
| 250|0x000000008fa00000, 0x000000008fb00000, 0x000000008fb00000|100%| O|  |TAMS 0x000000008fa00000| PB 0x000000008fa00000| Untracked 
| 251|0x000000008fb00000, 0x000000008fc00000, 0x000000008fc00000|100%| O|  |TAMS 0x000000008fb00000| PB 0x000000008fb00000| Untracked 
| 252|0x000000008fc00000, 0x000000008fd00000, 0x000000008fd00000|100%|HS|  |TAMS 0x000000008fc00000| PB 0x000000008fc00000| Complete 
| 253|0x000000008fd00000, 0x000000008fe00000, 0x000000008fe00000|100%| O|  |TAMS 0x000000008fd00000| PB 0x000000008fd00000| Untracked 
| 254|0x000000008fe00000, 0x000000008ff00000, 0x000000008ff00000|100%| O|  |TAMS 0x000000008fe00000| PB 0x000000008fe00000| Untracked 
| 255|0x000000008ff00000, 0x0000000090000000, 0x0000000090000000|100%| O|  |TAMS 0x000000008ff00000| PB 0x000000008ff00000| Untracked 
| 256|0x0000000090000000, 0x0000000090100000, 0x0000000090100000|100%| O|  |TAMS 0x0000000090000000| PB 0x0000000090000000| Untracked 
| 257|0x0000000090100000, 0x0000000090200000, 0x0000000090200000|100%| O|  |TAMS 0x0000000090100000| PB 0x0000000090100000| Untracked 
| 258|0x0000000090200000, 0x0000000090300000, 0x0000000090300000|100%| O|  |TAMS 0x0000000090200000| PB 0x0000000090200000| Untracked 
| 259|0x0000000090300000, 0x0000000090400000, 0x0000000090400000|100%| O|  |TAMS 0x0000000090300000| PB 0x0000000090300000| Untracked 
| 260|0x0000000090400000, 0x0000000090500000, 0x0000000090500000|100%| O|  |TAMS 0x0000000090400000| PB 0x0000000090400000| Untracked 
| 261|0x0000000090500000, 0x0000000090600000, 0x0000000090600000|100%| O|  |TAMS 0x0000000090500000| PB 0x0000000090500000| Untracked 
| 262|0x0000000090600000, 0x0000000090700000, 0x0000000090700000|100%| O|  |TAMS 0x0000000090600000| PB 0x0000000090600000| Untracked 
| 263|0x0000000090700000, 0x0000000090800000, 0x0000000090800000|100%| O|  |TAMS 0x0000000090700000| PB 0x0000000090700000| Untracked 
| 264|0x0000000090800000, 0x0000000090900000, 0x0000000090900000|100%| O|  |TAMS 0x0000000090800000| PB 0x0000000090800000| Untracked 
| 265|0x0000000090900000, 0x0000000090a00000, 0x0000000090a00000|100%| O|  |TAMS 0x0000000090900000| PB 0x0000000090900000| Untracked 
| 266|0x0000000090a00000, 0x0000000090b00000, 0x0000000090b00000|100%|HS|  |TAMS 0x0000000090a00000| PB 0x0000000090a00000| Complete 
| 267|0x0000000090b00000, 0x0000000090c00000, 0x0000000090c00000|100%|HC|  |TAMS 0x0000000090b00000| PB 0x0000000090b00000| Complete 
| 268|0x0000000090c00000, 0x0000000090d00000, 0x0000000090d00000|100%| O|  |TAMS 0x0000000090c00000| PB 0x0000000090c00000| Untracked 
| 269|0x0000000090d00000, 0x0000000090e00000, 0x0000000090e00000|100%| O|  |TAMS 0x0000000090d00000| PB 0x0000000090d00000| Untracked 
| 270|0x0000000090e00000, 0x0000000090f00000, 0x0000000090f00000|100%| O|  |TAMS 0x0000000090e00000| PB 0x0000000090e00000| Untracked 
| 271|0x0000000090f00000, 0x0000000091000000, 0x0000000091000000|100%| O|Cm|TAMS 0x0000000090f00000| PB 0x0000000090f00000| Complete 
| 272|0x0000000091000000, 0x0000000091100000, 0x0000000091100000|100%| O|  |TAMS 0x0000000091000000| PB 0x0000000091000000| Untracked 
| 273|0x0000000091100000, 0x0000000091200000, 0x0000000091200000|100%| O|  |TAMS 0x0000000091100000| PB 0x0000000091100000| Untracked 
| 274|0x0000000091200000, 0x0000000091300000, 0x0000000091300000|100%| O|  |TAMS 0x0000000091200000| PB 0x0000000091200000| Untracked 
| 275|0x0000000091300000, 0x0000000091400000, 0x0000000091400000|100%| O|  |TAMS 0x0000000091300000| PB 0x0000000091300000| Untracked 
| 276|0x0000000091400000, 0x0000000091400000, 0x0000000091500000|  0%| F|  |TAMS 0x0000000091400000| PB 0x0000000091400000| Untracked 
| 277|0x0000000091500000, 0x0000000091600000, 0x0000000091600000|100%| O|  |TAMS 0x0000000091500000| PB 0x0000000091500000| Untracked 
| 278|0x0000000091600000, 0x0000000091700000, 0x0000000091700000|100%|HS|  |TAMS 0x0000000091600000| PB 0x0000000091600000| Complete 
| 279|0x0000000091700000, 0x0000000091800000, 0x0000000091800000|100%| O|  |TAMS 0x0000000091700000| PB 0x0000000091700000| Untracked 
| 280|0x0000000091800000, 0x0000000091900000, 0x0000000091900000|100%| O|  |TAMS 0x0000000091800000| PB 0x0000000091800000| Untracked 
| 281|0x0000000091900000, 0x0000000091a00000, 0x0000000091a00000|100%| O|  |TAMS 0x0000000091900000| PB 0x0000000091900000| Untracked 
| 282|0x0000000091a00000, 0x0000000091b00000, 0x0000000091b00000|100%| O|  |TAMS 0x0000000091a00000| PB 0x0000000091a00000| Untracked 
| 283|0x0000000091b00000, 0x0000000091c00000, 0x0000000091c00000|100%| O|  |TAMS 0x0000000091b00000| PB 0x0000000091b00000| Untracked 
| 284|0x0000000091c00000, 0x0000000091d00000, 0x0000000091d00000|100%| O|  |TAMS 0x0000000091c00000| PB 0x0000000091c00000| Untracked 
| 285|0x0000000091d00000, 0x0000000091e00000, 0x0000000091e00000|100%| O|  |TAMS 0x0000000091d00000| PB 0x0000000091d00000| Untracked 
| 286|0x0000000091e00000, 0x0000000091f00000, 0x0000000091f00000|100%| O|  |TAMS 0x0000000091e00000| PB 0x0000000091e00000| Untracked 
| 287|0x0000000091f00000, 0x0000000092000000, 0x0000000092000000|100%| O|  |TAMS 0x0000000091f00000| PB 0x0000000091f00000| Untracked 
| 288|0x0000000092000000, 0x0000000092100000, 0x0000000092100000|100%| O|  |TAMS 0x0000000092000000| PB 0x0000000092000000| Untracked 
| 289|0x0000000092100000, 0x0000000092200000, 0x0000000092200000|100%| O|  |TAMS 0x0000000092100000| PB 0x0000000092100000| Untracked 
| 290|0x0000000092200000, 0x0000000092300000, 0x0000000092300000|100%| O|  |TAMS 0x0000000092200000| PB 0x0000000092200000| Untracked 
| 291|0x0000000092300000, 0x0000000092400000, 0x0000000092400000|100%| O|  |TAMS 0x0000000092300000| PB 0x0000000092300000| Untracked 
| 292|0x0000000092400000, 0x0000000092500000, 0x0000000092500000|100%| O|  |TAMS 0x0000000092400000| PB 0x0000000092400000| Untracked 
| 293|0x0000000092500000, 0x0000000092600000, 0x0000000092600000|100%| O|  |TAMS 0x0000000092500000| PB 0x0000000092500000| Untracked 
| 294|0x0000000092600000, 0x0000000092700000, 0x0000000092700000|100%| O|  |TAMS 0x0000000092600000| PB 0x0000000092600000| Untracked 
| 295|0x0000000092700000, 0x0000000092800000, 0x0000000092800000|100%| O|  |TAMS 0x0000000092700000| PB 0x0000000092700000| Untracked 
| 296|0x0000000092800000, 0x00000000928c43c0, 0x0000000092900000| 76%| O|  |TAMS 0x0000000092800000| PB 0x0000000092800000| Untracked 
| 297|0x0000000092900000, 0x0000000092900000, 0x0000000092a00000|  0%| F|  |TAMS 0x0000000092900000| PB 0x0000000092900000| Untracked 
| 298|0x0000000092a00000, 0x0000000092a00000, 0x0000000092b00000|  0%| F|  |TAMS 0x0000000092a00000| PB 0x0000000092a00000| Untracked 
| 299|0x0000000092b00000, 0x0000000092b00000, 0x0000000092c00000|  0%| F|  |TAMS 0x0000000092b00000| PB 0x0000000092b00000| Untracked 
| 300|0x0000000092c00000, 0x0000000092c00000, 0x0000000092d00000|  0%| F|  |TAMS 0x0000000092c00000| PB 0x0000000092c00000| Untracked 
| 301|0x0000000092d00000, 0x0000000092d00000, 0x0000000092e00000|  0%| F|  |TAMS 0x0000000092d00000| PB 0x0000000092d00000| Untracked 
| 302|0x0000000092e00000, 0x0000000092e00000, 0x0000000092f00000|  0%| F|  |TAMS 0x0000000092e00000| PB 0x0000000092e00000| Untracked 
| 303|0x0000000092f00000, 0x0000000092f00000, 0x0000000093000000|  0%| F|  |TAMS 0x0000000092f00000| PB 0x0000000092f00000| Untracked 
| 304|0x0000000093000000, 0x0000000093000000, 0x0000000093100000|  0%| F|  |TAMS 0x0000000093000000| PB 0x0000000093000000| Untracked 
| 305|0x0000000093100000, 0x0000000093100000, 0x0000000093200000|  0%| F|  |TAMS 0x0000000093100000| PB 0x0000000093100000| Untracked 
| 306|0x0000000093200000, 0x0000000093200000, 0x0000000093300000|  0%| F|  |TAMS 0x0000000093200000| PB 0x0000000093200000| Untracked 
| 307|0x0000000093300000, 0x0000000093342d78, 0x0000000093400000| 26%| S|CS|TAMS 0x0000000093300000| PB 0x0000000093300000| Complete 
| 308|0x0000000093400000, 0x0000000093500000, 0x0000000093500000|100%| S|CS|TAMS 0x0000000093400000| PB 0x0000000093400000| Complete 
| 309|0x0000000093500000, 0x0000000093600000, 0x0000000093600000|100%| S|CS|TAMS 0x0000000093500000| PB 0x0000000093500000| Complete 
| 310|0x0000000093600000, 0x0000000093700000, 0x0000000093700000|100%| S|CS|TAMS 0x0000000093600000| PB 0x0000000093600000| Complete 
| 311|0x0000000093700000, 0x0000000093800000, 0x0000000093800000|100%| S|CS|TAMS 0x0000000093700000| PB 0x0000000093700000| Complete 
| 312|0x0000000093800000, 0x0000000093900000, 0x0000000093900000|100%| S|CS|TAMS 0x0000000093800000| PB 0x0000000093800000| Complete 
| 313|0x0000000093900000, 0x0000000093a00000, 0x0000000093a00000|100%| S|CS|TAMS 0x0000000093900000| PB 0x0000000093900000| Complete 
| 314|0x0000000093a00000, 0x0000000093b00000, 0x0000000093b00000|100%| S|CS|TAMS 0x0000000093a00000| PB 0x0000000093a00000| Complete 
| 315|0x0000000093b00000, 0x0000000093c00000, 0x0000000093c00000|100%| S|CS|TAMS 0x0000000093b00000| PB 0x0000000093b00000| Complete 
| 316|0x0000000093c00000, 0x0000000093d00000, 0x0000000093d00000|100%| S|CS|TAMS 0x0000000093c00000| PB 0x0000000093c00000| Complete 
| 317|0x0000000093d00000, 0x0000000093e00000, 0x0000000093e00000|100%| S|CS|TAMS 0x0000000093d00000| PB 0x0000000093d00000| Complete 
| 318|0x0000000093e00000, 0x0000000093e00000, 0x0000000093f00000|  0%| F|  |TAMS 0x0000000093e00000| PB 0x0000000093e00000| Untracked 
| 319|0x0000000093f00000, 0x0000000093f00000, 0x0000000094000000|  0%| F|  |TAMS 0x0000000093f00000| PB 0x0000000093f00000| Untracked 
| 320|0x0000000094000000, 0x0000000094000000, 0x0000000094100000|  0%| F|  |TAMS 0x0000000094000000| PB 0x0000000094000000| Untracked 
| 321|0x0000000094100000, 0x0000000094100000, 0x0000000094200000|  0%| F|  |TAMS 0x0000000094100000| PB 0x0000000094100000| Untracked 
| 322|0x0000000094200000, 0x0000000094200000, 0x0000000094300000|  0%| F|  |TAMS 0x0000000094200000| PB 0x0000000094200000| Untracked 
| 323|0x0000000094300000, 0x0000000094300000, 0x0000000094400000|  0%| F|  |TAMS 0x0000000094300000| PB 0x0000000094300000| Untracked 
| 324|0x0000000094400000, 0x0000000094400000, 0x0000000094500000|  0%| F|  |TAMS 0x0000000094400000| PB 0x0000000094400000| Untracked 
| 325|0x0000000094500000, 0x0000000094500000, 0x0000000094600000|  0%| F|  |TAMS 0x0000000094500000| PB 0x0000000094500000| Untracked 
| 326|0x0000000094600000, 0x0000000094600000, 0x0000000094700000|  0%| F|  |TAMS 0x0000000094600000| PB 0x0000000094600000| Untracked 
| 327|0x0000000094700000, 0x0000000094700000, 0x0000000094800000|  0%| F|  |TAMS 0x0000000094700000| PB 0x0000000094700000| Untracked 
| 328|0x0000000094800000, 0x0000000094800000, 0x0000000094900000|  0%| F|  |TAMS 0x0000000094800000| PB 0x0000000094800000| Untracked 
| 329|0x0000000094900000, 0x0000000094900000, 0x0000000094a00000|  0%| F|  |TAMS 0x0000000094900000| PB 0x0000000094900000| Untracked 
| 330|0x0000000094a00000, 0x0000000094a00000, 0x0000000094b00000|  0%| F|  |TAMS 0x0000000094a00000| PB 0x0000000094a00000| Untracked 
| 331|0x0000000094b00000, 0x0000000094b00000, 0x0000000094c00000|  0%| F|  |TAMS 0x0000000094b00000| PB 0x0000000094b00000| Untracked 
| 332|0x0000000094c00000, 0x0000000094c00000, 0x0000000094d00000|  0%| F|  |TAMS 0x0000000094c00000| PB 0x0000000094c00000| Untracked 
| 333|0x0000000094d00000, 0x0000000094d00000, 0x0000000094e00000|  0%| F|  |TAMS 0x0000000094d00000| PB 0x0000000094d00000| Untracked 
| 334|0x0000000094e00000, 0x0000000094e00000, 0x0000000094f00000|  0%| F|  |TAMS 0x0000000094e00000| PB 0x0000000094e00000| Untracked 
| 335|0x0000000094f00000, 0x0000000094f00000, 0x0000000095000000|  0%| F|  |TAMS 0x0000000094f00000| PB 0x0000000094f00000| Untracked 
| 336|0x0000000095000000, 0x0000000095000000, 0x0000000095100000|  0%| F|  |TAMS 0x0000000095000000| PB 0x0000000095000000| Untracked 
| 337|0x0000000095100000, 0x0000000095100000, 0x0000000095200000|  0%| F|  |TAMS 0x0000000095100000| PB 0x0000000095100000| Untracked 
| 338|0x0000000095200000, 0x0000000095200000, 0x0000000095300000|  0%| F|  |TAMS 0x0000000095200000| PB 0x0000000095200000| Untracked 
| 339|0x0000000095300000, 0x0000000095300000, 0x0000000095400000|  0%| F|  |TAMS 0x0000000095300000| PB 0x0000000095300000| Untracked 
| 340|0x0000000095400000, 0x0000000095400000, 0x0000000095500000|  0%| F|  |TAMS 0x0000000095400000| PB 0x0000000095400000| Untracked 
| 341|0x0000000095500000, 0x0000000095500000, 0x0000000095600000|  0%| F|  |TAMS 0x0000000095500000| PB 0x0000000095500000| Untracked 
| 342|0x0000000095600000, 0x0000000095600000, 0x0000000095700000|  0%| F|  |TAMS 0x0000000095600000| PB 0x0000000095600000| Untracked 
| 343|0x0000000095700000, 0x0000000095700000, 0x0000000095800000|  0%| F|  |TAMS 0x0000000095700000| PB 0x0000000095700000| Untracked 
| 344|0x0000000095800000, 0x0000000095800000, 0x0000000095900000|  0%| F|  |TAMS 0x0000000095800000| PB 0x0000000095800000| Untracked 
| 345|0x0000000095900000, 0x0000000095900000, 0x0000000095a00000|  0%| F|  |TAMS 0x0000000095900000| PB 0x0000000095900000| Untracked 
| 346|0x0000000095a00000, 0x0000000095a00000, 0x0000000095b00000|  0%| F|  |TAMS 0x0000000095a00000| PB 0x0000000095a00000| Untracked 
| 347|0x0000000095b00000, 0x0000000095b00000, 0x0000000095c00000|  0%| F|  |TAMS 0x0000000095b00000| PB 0x0000000095b00000| Untracked 
| 348|0x0000000095c00000, 0x0000000095c00000, 0x0000000095d00000|  0%| F|  |TAMS 0x0000000095c00000| PB 0x0000000095c00000| Untracked 
| 349|0x0000000095d00000, 0x0000000095d00000, 0x0000000095e00000|  0%| F|  |TAMS 0x0000000095d00000| PB 0x0000000095d00000| Untracked 
| 350|0x0000000095e00000, 0x0000000095e00000, 0x0000000095f00000|  0%| F|  |TAMS 0x0000000095e00000| PB 0x0000000095e00000| Untracked 
| 351|0x0000000095f00000, 0x0000000095f00000, 0x0000000096000000|  0%| F|  |TAMS 0x0000000095f00000| PB 0x0000000095f00000| Untracked 
| 352|0x0000000096000000, 0x0000000096000000, 0x0000000096100000|  0%| F|  |TAMS 0x0000000096000000| PB 0x0000000096000000| Untracked 
| 353|0x0000000096100000, 0x0000000096100000, 0x0000000096200000|  0%| F|  |TAMS 0x0000000096100000| PB 0x0000000096100000| Untracked 
| 354|0x0000000096200000, 0x0000000096200000, 0x0000000096300000|  0%| F|  |TAMS 0x0000000096200000| PB 0x0000000096200000| Untracked 
| 355|0x0000000096300000, 0x0000000096300000, 0x0000000096400000|  0%| F|  |TAMS 0x0000000096300000| PB 0x0000000096300000| Untracked 
| 356|0x0000000096400000, 0x0000000096400000, 0x0000000096500000|  0%| F|  |TAMS 0x0000000096400000| PB 0x0000000096400000| Untracked 
| 357|0x0000000096500000, 0x0000000096500000, 0x0000000096600000|  0%| F|  |TAMS 0x0000000096500000| PB 0x0000000096500000| Untracked 
| 358|0x0000000096600000, 0x0000000096600000, 0x0000000096700000|  0%| F|  |TAMS 0x0000000096600000| PB 0x0000000096600000| Untracked 
| 359|0x0000000096700000, 0x0000000096700000, 0x0000000096800000|  0%| F|  |TAMS 0x0000000096700000| PB 0x0000000096700000| Untracked 
| 360|0x0000000096800000, 0x0000000096800000, 0x0000000096900000|  0%| F|  |TAMS 0x0000000096800000| PB 0x0000000096800000| Untracked 
| 361|0x0000000096900000, 0x0000000096900000, 0x0000000096a00000|  0%| F|  |TAMS 0x0000000096900000| PB 0x0000000096900000| Untracked 
| 362|0x0000000096a00000, 0x0000000096a00000, 0x0000000096b00000|  0%| F|  |TAMS 0x0000000096a00000| PB 0x0000000096a00000| Untracked 
| 363|0x0000000096b00000, 0x0000000096b00000, 0x0000000096c00000|  0%| F|  |TAMS 0x0000000096b00000| PB 0x0000000096b00000| Untracked 
| 364|0x0000000096c00000, 0x0000000096c00000, 0x0000000096d00000|  0%| F|  |TAMS 0x0000000096c00000| PB 0x0000000096c00000| Untracked 
| 365|0x0000000096d00000, 0x0000000096d00000, 0x0000000096e00000|  0%| F|  |TAMS 0x0000000096d00000| PB 0x0000000096d00000| Untracked 
| 366|0x0000000096e00000, 0x0000000096e00000, 0x0000000096f00000|  0%| F|  |TAMS 0x0000000096e00000| PB 0x0000000096e00000| Untracked 
| 367|0x0000000096f00000, 0x0000000096f00000, 0x0000000097000000|  0%| F|  |TAMS 0x0000000096f00000| PB 0x0000000096f00000| Untracked 
| 368|0x0000000097000000, 0x0000000097000000, 0x0000000097100000|  0%| F|  |TAMS 0x0000000097000000| PB 0x0000000097000000| Untracked 
| 369|0x0000000097100000, 0x0000000097100000, 0x0000000097200000|  0%| F|  |TAMS 0x0000000097100000| PB 0x0000000097100000| Untracked 
| 370|0x0000000097200000, 0x0000000097200000, 0x0000000097300000|  0%| F|  |TAMS 0x0000000097200000| PB 0x0000000097200000| Untracked 
| 371|0x0000000097300000, 0x0000000097300000, 0x0000000097400000|  0%| F|  |TAMS 0x0000000097300000| PB 0x0000000097300000| Untracked 
| 372|0x0000000097400000, 0x0000000097400000, 0x0000000097500000|  0%| F|  |TAMS 0x0000000097400000| PB 0x0000000097400000| Untracked 
| 373|0x0000000097500000, 0x0000000097500000, 0x0000000097600000|  0%| F|  |TAMS 0x0000000097500000| PB 0x0000000097500000| Untracked 
| 374|0x0000000097600000, 0x0000000097600000, 0x0000000097700000|  0%| F|  |TAMS 0x0000000097600000| PB 0x0000000097600000| Untracked 
| 375|0x0000000097700000, 0x0000000097700000, 0x0000000097800000|  0%| F|  |TAMS 0x0000000097700000| PB 0x0000000097700000| Untracked 
| 376|0x0000000097800000, 0x0000000097800000, 0x0000000097900000|  0%| F|  |TAMS 0x0000000097800000| PB 0x0000000097800000| Untracked 
| 377|0x0000000097900000, 0x0000000097900000, 0x0000000097a00000|  0%| F|  |TAMS 0x0000000097900000| PB 0x0000000097900000| Untracked 
| 378|0x0000000097a00000, 0x0000000097a00000, 0x0000000097b00000|  0%| F|  |TAMS 0x0000000097a00000| PB 0x0000000097a00000| Untracked 
| 379|0x0000000097b00000, 0x0000000097b00000, 0x0000000097c00000|  0%| F|  |TAMS 0x0000000097b00000| PB 0x0000000097b00000| Untracked 
| 380|0x0000000097c00000, 0x0000000097c00000, 0x0000000097d00000|  0%| F|  |TAMS 0x0000000097c00000| PB 0x0000000097c00000| Untracked 
| 381|0x0000000097d00000, 0x0000000097d00000, 0x0000000097e00000|  0%| F|  |TAMS 0x0000000097d00000| PB 0x0000000097d00000| Untracked 
| 382|0x0000000097e00000, 0x0000000097e00000, 0x0000000097f00000|  0%| F|  |TAMS 0x0000000097e00000| PB 0x0000000097e00000| Untracked 
| 383|0x0000000097f00000, 0x0000000097f00000, 0x0000000098000000|  0%| F|  |TAMS 0x0000000097f00000| PB 0x0000000097f00000| Untracked 
| 384|0x0000000098000000, 0x0000000098000000, 0x0000000098100000|  0%| F|  |TAMS 0x0000000098000000| PB 0x0000000098000000| Untracked 
| 385|0x0000000098100000, 0x0000000098100000, 0x0000000098200000|  0%| F|  |TAMS 0x0000000098100000| PB 0x0000000098100000| Untracked 
| 386|0x0000000098200000, 0x0000000098200000, 0x0000000098300000|  0%| F|  |TAMS 0x0000000098200000| PB 0x0000000098200000| Untracked 
| 387|0x0000000098300000, 0x0000000098300000, 0x0000000098400000|  0%| F|  |TAMS 0x0000000098300000| PB 0x0000000098300000| Untracked 
| 388|0x0000000098400000, 0x0000000098400000, 0x0000000098500000|  0%| F|  |TAMS 0x0000000098400000| PB 0x0000000098400000| Untracked 
| 389|0x0000000098500000, 0x0000000098500000, 0x0000000098600000|  0%| F|  |TAMS 0x0000000098500000| PB 0x0000000098500000| Untracked 
| 390|0x0000000098600000, 0x0000000098600000, 0x0000000098700000|  0%| F|  |TAMS 0x0000000098600000| PB 0x0000000098600000| Untracked 
| 391|0x0000000098700000, 0x0000000098700000, 0x0000000098800000|  0%| F|  |TAMS 0x0000000098700000| PB 0x0000000098700000| Untracked 
| 392|0x0000000098800000, 0x0000000098800000, 0x0000000098900000|  0%| F|  |TAMS 0x0000000098800000| PB 0x0000000098800000| Untracked 
| 393|0x0000000098900000, 0x0000000098900000, 0x0000000098a00000|  0%| F|  |TAMS 0x0000000098900000| PB 0x0000000098900000| Untracked 
| 394|0x0000000098a00000, 0x0000000098a00000, 0x0000000098b00000|  0%| F|  |TAMS 0x0000000098a00000| PB 0x0000000098a00000| Untracked 
| 395|0x0000000098b00000, 0x0000000098b00000, 0x0000000098c00000|  0%| F|  |TAMS 0x0000000098b00000| PB 0x0000000098b00000| Untracked 
| 396|0x0000000098c00000, 0x0000000098c00000, 0x0000000098d00000|  0%| F|  |TAMS 0x0000000098c00000| PB 0x0000000098c00000| Untracked 
| 397|0x0000000098d00000, 0x0000000098d00000, 0x0000000098e00000|  0%| F|  |TAMS 0x0000000098d00000| PB 0x0000000098d00000| Untracked 
| 398|0x0000000098e00000, 0x0000000098e00000, 0x0000000098f00000|  0%| F|  |TAMS 0x0000000098e00000| PB 0x0000000098e00000| Untracked 
| 399|0x0000000098f00000, 0x0000000098f00000, 0x0000000099000000|  0%| F|  |TAMS 0x0000000098f00000| PB 0x0000000098f00000| Untracked 
| 400|0x0000000099000000, 0x0000000099000000, 0x0000000099100000|  0%| F|  |TAMS 0x0000000099000000| PB 0x0000000099000000| Untracked 
| 401|0x0000000099100000, 0x0000000099100000, 0x0000000099200000|  0%| F|  |TAMS 0x0000000099100000| PB 0x0000000099100000| Untracked 
| 402|0x0000000099200000, 0x0000000099200000, 0x0000000099300000|  0%| F|  |TAMS 0x0000000099200000| PB 0x0000000099200000| Untracked 
| 403|0x0000000099300000, 0x0000000099300000, 0x0000000099400000|  0%| F|  |TAMS 0x0000000099300000| PB 0x0000000099300000| Untracked 
| 404|0x0000000099400000, 0x0000000099400000, 0x0000000099500000|  0%| F|  |TAMS 0x0000000099400000| PB 0x0000000099400000| Untracked 
| 405|0x0000000099500000, 0x0000000099500000, 0x0000000099600000|  0%| F|  |TAMS 0x0000000099500000| PB 0x0000000099500000| Untracked 
| 406|0x0000000099600000, 0x0000000099600000, 0x0000000099700000|  0%| F|  |TAMS 0x0000000099600000| PB 0x0000000099600000| Untracked 
| 407|0x0000000099700000, 0x0000000099700000, 0x0000000099800000|  0%| F|  |TAMS 0x0000000099700000| PB 0x0000000099700000| Untracked 
| 408|0x0000000099800000, 0x0000000099800000, 0x0000000099900000|  0%| F|  |TAMS 0x0000000099800000| PB 0x0000000099800000| Untracked 
| 409|0x0000000099900000, 0x0000000099900000, 0x0000000099a00000|  0%| F|  |TAMS 0x0000000099900000| PB 0x0000000099900000| Untracked 
| 410|0x0000000099a00000, 0x0000000099a00000, 0x0000000099b00000|  0%| F|  |TAMS 0x0000000099a00000| PB 0x0000000099a00000| Untracked 
| 411|0x0000000099b00000, 0x0000000099b00000, 0x0000000099c00000|  0%| F|  |TAMS 0x0000000099b00000| PB 0x0000000099b00000| Untracked 
| 412|0x0000000099c00000, 0x0000000099c00000, 0x0000000099d00000|  0%| F|  |TAMS 0x0000000099c00000| PB 0x0000000099c00000| Untracked 
| 413|0x0000000099d00000, 0x0000000099d00000, 0x0000000099e00000|  0%| F|  |TAMS 0x0000000099d00000| PB 0x0000000099d00000| Untracked 
| 414|0x0000000099e00000, 0x0000000099e00000, 0x0000000099f00000|  0%| F|  |TAMS 0x0000000099e00000| PB 0x0000000099e00000| Untracked 
| 415|0x0000000099f00000, 0x0000000099f00000, 0x000000009a000000|  0%| F|  |TAMS 0x0000000099f00000| PB 0x0000000099f00000| Untracked 
| 416|0x000000009a000000, 0x000000009a000000, 0x000000009a100000|  0%| F|  |TAMS 0x000000009a000000| PB 0x000000009a000000| Untracked 
| 417|0x000000009a100000, 0x000000009a100000, 0x000000009a200000|  0%| F|  |TAMS 0x000000009a100000| PB 0x000000009a100000| Untracked 
| 418|0x000000009a200000, 0x000000009a200000, 0x000000009a300000|  0%| F|  |TAMS 0x000000009a200000| PB 0x000000009a200000| Untracked 
| 419|0x000000009a300000, 0x000000009a300000, 0x000000009a400000|  0%| F|  |TAMS 0x000000009a300000| PB 0x000000009a300000| Untracked 
| 420|0x000000009a400000, 0x000000009a400000, 0x000000009a500000|  0%| F|  |TAMS 0x000000009a400000| PB 0x000000009a400000| Untracked 
| 421|0x000000009a500000, 0x000000009a500000, 0x000000009a600000|  0%| F|  |TAMS 0x000000009a500000| PB 0x000000009a500000| Untracked 
| 422|0x000000009a600000, 0x000000009a600000, 0x000000009a700000|  0%| F|  |TAMS 0x000000009a600000| PB 0x000000009a600000| Untracked 
| 423|0x000000009a700000, 0x000000009a700000, 0x000000009a800000|  0%| F|  |TAMS 0x000000009a700000| PB 0x000000009a700000| Untracked 
| 424|0x000000009a800000, 0x000000009a800000, 0x000000009a900000|  0%| F|  |TAMS 0x000000009a800000| PB 0x000000009a800000| Untracked 
| 425|0x000000009a900000, 0x000000009a900000, 0x000000009aa00000|  0%| F|  |TAMS 0x000000009a900000| PB 0x000000009a900000| Untracked 
| 426|0x000000009aa00000, 0x000000009aa00000, 0x000000009ab00000|  0%| F|  |TAMS 0x000000009aa00000| PB 0x000000009aa00000| Untracked 
| 427|0x000000009ab00000, 0x000000009ab00000, 0x000000009ac00000|  0%| F|  |TAMS 0x000000009ab00000| PB 0x000000009ab00000| Untracked 
| 428|0x000000009ac00000, 0x000000009ac00000, 0x000000009ad00000|  0%| F|  |TAMS 0x000000009ac00000| PB 0x000000009ac00000| Untracked 
| 429|0x000000009ad00000, 0x000000009ad00000, 0x000000009ae00000|  0%| F|  |TAMS 0x000000009ad00000| PB 0x000000009ad00000| Untracked 
| 430|0x000000009ae00000, 0x000000009ae00000, 0x000000009af00000|  0%| F|  |TAMS 0x000000009ae00000| PB 0x000000009ae00000| Untracked 
| 431|0x000000009af00000, 0x000000009af00000, 0x000000009b000000|  0%| F|  |TAMS 0x000000009af00000| PB 0x000000009af00000| Untracked 
| 432|0x000000009b000000, 0x000000009b000000, 0x000000009b100000|  0%| F|  |TAMS 0x000000009b000000| PB 0x000000009b000000| Untracked 
| 433|0x000000009b100000, 0x000000009b100000, 0x000000009b200000|  0%| F|  |TAMS 0x000000009b100000| PB 0x000000009b100000| Untracked 
| 434|0x000000009b200000, 0x000000009b200000, 0x000000009b300000|  0%| F|  |TAMS 0x000000009b200000| PB 0x000000009b200000| Untracked 
| 435|0x000000009b300000, 0x000000009b300000, 0x000000009b400000|  0%| F|  |TAMS 0x000000009b300000| PB 0x000000009b300000| Untracked 
| 436|0x000000009b400000, 0x000000009b400000, 0x000000009b500000|  0%| F|  |TAMS 0x000000009b400000| PB 0x000000009b400000| Untracked 
| 437|0x000000009b500000, 0x000000009b500000, 0x000000009b600000|  0%| F|  |TAMS 0x000000009b500000| PB 0x000000009b500000| Untracked 
| 438|0x000000009b600000, 0x000000009b600000, 0x000000009b700000|  0%| F|  |TAMS 0x000000009b600000| PB 0x000000009b600000| Untracked 
| 439|0x000000009b700000, 0x000000009b700000, 0x000000009b800000|  0%| F|  |TAMS 0x000000009b700000| PB 0x000000009b700000| Untracked 
| 440|0x000000009b800000, 0x000000009b800000, 0x000000009b900000|  0%| F|  |TAMS 0x000000009b800000| PB 0x000000009b800000| Untracked 
| 441|0x000000009b900000, 0x000000009b900000, 0x000000009ba00000|  0%| F|  |TAMS 0x000000009b900000| PB 0x000000009b900000| Untracked 
| 442|0x000000009ba00000, 0x000000009ba00000, 0x000000009bb00000|  0%| F|  |TAMS 0x000000009ba00000| PB 0x000000009ba00000| Untracked 
| 443|0x000000009bb00000, 0x000000009bb00000, 0x000000009bc00000|  0%| F|  |TAMS 0x000000009bb00000| PB 0x000000009bb00000| Untracked 
| 444|0x000000009bc00000, 0x000000009bc00000, 0x000000009bd00000|  0%| F|  |TAMS 0x000000009bc00000| PB 0x000000009bc00000| Untracked 
| 445|0x000000009bd00000, 0x000000009bd00000, 0x000000009be00000|  0%| F|  |TAMS 0x000000009bd00000| PB 0x000000009bd00000| Untracked 
| 446|0x000000009be00000, 0x000000009be00000, 0x000000009bf00000|  0%| F|  |TAMS 0x000000009be00000| PB 0x000000009be00000| Untracked 
| 447|0x000000009bf00000, 0x000000009bf00000, 0x000000009c000000|  0%| F|  |TAMS 0x000000009bf00000| PB 0x000000009bf00000| Untracked 
| 448|0x000000009c000000, 0x000000009c000000, 0x000000009c100000|  0%| F|  |TAMS 0x000000009c000000| PB 0x000000009c000000| Untracked 
| 449|0x000000009c100000, 0x000000009c100000, 0x000000009c200000|  0%| F|  |TAMS 0x000000009c100000| PB 0x000000009c100000| Untracked 
| 450|0x000000009c200000, 0x000000009c200000, 0x000000009c300000|  0%| F|  |TAMS 0x000000009c200000| PB 0x000000009c200000| Untracked 
| 451|0x000000009c300000, 0x000000009c300000, 0x000000009c400000|  0%| F|  |TAMS 0x000000009c300000| PB 0x000000009c300000| Untracked 
| 452|0x000000009c400000, 0x000000009c400000, 0x000000009c500000|  0%| F|  |TAMS 0x000000009c400000| PB 0x000000009c400000| Untracked 
| 453|0x000000009c500000, 0x000000009c500000, 0x000000009c600000|  0%| F|  |TAMS 0x000000009c500000| PB 0x000000009c500000| Untracked 
| 454|0x000000009c600000, 0x000000009c600000, 0x000000009c700000|  0%| F|  |TAMS 0x000000009c600000| PB 0x000000009c600000| Untracked 
| 455|0x000000009c700000, 0x000000009c700000, 0x000000009c800000|  0%| F|  |TAMS 0x000000009c700000| PB 0x000000009c700000| Untracked 
| 456|0x000000009c800000, 0x000000009c800000, 0x000000009c900000|  0%| F|  |TAMS 0x000000009c800000| PB 0x000000009c800000| Untracked 
| 457|0x000000009c900000, 0x000000009c900000, 0x000000009ca00000|  0%| F|  |TAMS 0x000000009c900000| PB 0x000000009c900000| Untracked 
| 458|0x000000009ca00000, 0x000000009ca00000, 0x000000009cb00000|  0%| F|  |TAMS 0x000000009ca00000| PB 0x000000009ca00000| Untracked 
| 459|0x000000009cb00000, 0x000000009cb00000, 0x000000009cc00000|  0%| F|  |TAMS 0x000000009cb00000| PB 0x000000009cb00000| Untracked 
| 460|0x000000009cc00000, 0x000000009cc00000, 0x000000009cd00000|  0%| F|  |TAMS 0x000000009cc00000| PB 0x000000009cc00000| Untracked 
| 461|0x000000009cd00000, 0x000000009cd00000, 0x000000009ce00000|  0%| F|  |TAMS 0x000000009cd00000| PB 0x000000009cd00000| Untracked 
| 462|0x000000009ce00000, 0x000000009ce00000, 0x000000009cf00000|  0%| F|  |TAMS 0x000000009ce00000| PB 0x000000009ce00000| Untracked 
| 463|0x000000009cf00000, 0x000000009cf00000, 0x000000009d000000|  0%| F|  |TAMS 0x000000009cf00000| PB 0x000000009cf00000| Untracked 
| 464|0x000000009d000000, 0x000000009d000000, 0x000000009d100000|  0%| F|  |TAMS 0x000000009d000000| PB 0x000000009d000000| Untracked 
| 465|0x000000009d100000, 0x000000009d100000, 0x000000009d200000|  0%| F|  |TAMS 0x000000009d100000| PB 0x000000009d100000| Untracked 
| 466|0x000000009d200000, 0x000000009d200000, 0x000000009d300000|  0%| F|  |TAMS 0x000000009d200000| PB 0x000000009d200000| Untracked 
| 467|0x000000009d300000, 0x000000009d300000, 0x000000009d400000|  0%| F|  |TAMS 0x000000009d300000| PB 0x000000009d300000| Untracked 
| 468|0x000000009d400000, 0x000000009d400000, 0x000000009d500000|  0%| F|  |TAMS 0x000000009d400000| PB 0x000000009d400000| Untracked 
| 469|0x000000009d500000, 0x000000009d500000, 0x000000009d600000|  0%| F|  |TAMS 0x000000009d500000| PB 0x000000009d500000| Untracked 
| 470|0x000000009d600000, 0x000000009d600000, 0x000000009d700000|  0%| F|  |TAMS 0x000000009d600000| PB 0x000000009d600000| Untracked 
| 471|0x000000009d700000, 0x000000009d700000, 0x000000009d800000|  0%| F|  |TAMS 0x000000009d700000| PB 0x000000009d700000| Untracked 
| 472|0x000000009d800000, 0x000000009d800000, 0x000000009d900000|  0%| F|  |TAMS 0x000000009d800000| PB 0x000000009d800000| Untracked 
| 473|0x000000009d900000, 0x000000009d900000, 0x000000009da00000|  0%| F|  |TAMS 0x000000009d900000| PB 0x000000009d900000| Untracked 
| 474|0x000000009da00000, 0x000000009da00000, 0x000000009db00000|  0%| F|  |TAMS 0x000000009da00000| PB 0x000000009da00000| Untracked 
| 475|0x000000009db00000, 0x000000009db00000, 0x000000009dc00000|  0%| F|  |TAMS 0x000000009db00000| PB 0x000000009db00000| Untracked 
| 476|0x000000009dc00000, 0x000000009dc00000, 0x000000009dd00000|  0%| F|  |TAMS 0x000000009dc00000| PB 0x000000009dc00000| Untracked 
| 477|0x000000009dd00000, 0x000000009dd00000, 0x000000009de00000|  0%| F|  |TAMS 0x000000009dd00000| PB 0x000000009dd00000| Untracked 
| 478|0x000000009de00000, 0x000000009de00000, 0x000000009df00000|  0%| F|  |TAMS 0x000000009de00000| PB 0x000000009de00000| Untracked 
| 479|0x000000009df00000, 0x000000009df00000, 0x000000009e000000|  0%| F|  |TAMS 0x000000009df00000| PB 0x000000009df00000| Untracked 
| 480|0x000000009e000000, 0x000000009e000000, 0x000000009e100000|  0%| F|  |TAMS 0x000000009e000000| PB 0x000000009e000000| Untracked 
| 481|0x000000009e100000, 0x000000009e100000, 0x000000009e200000|  0%| F|  |TAMS 0x000000009e100000| PB 0x000000009e100000| Untracked 
| 482|0x000000009e200000, 0x000000009e200000, 0x000000009e300000|  0%| F|  |TAMS 0x000000009e200000| PB 0x000000009e200000| Untracked 
| 483|0x000000009e300000, 0x000000009e300000, 0x000000009e400000|  0%| F|  |TAMS 0x000000009e300000| PB 0x000000009e300000| Untracked 
| 484|0x000000009e400000, 0x000000009e400000, 0x000000009e500000|  0%| F|  |TAMS 0x000000009e400000| PB 0x000000009e400000| Untracked 
|2029|0x00000000fed00000, 0x00000000fed00000, 0x00000000fee00000|  0%| F|  |TAMS 0x00000000fed00000| PB 0x00000000fed00000| Untracked 
|2030|0x00000000fee00000, 0x00000000fee00000, 0x00000000fef00000|  0%| F|  |TAMS 0x00000000fee00000| PB 0x00000000fee00000| Untracked 
|2031|0x00000000fef00000, 0x00000000ff000000, 0x00000000ff000000|100%| O|  |TAMS 0x00000000fef00000| PB 0x00000000fef00000| Untracked 
|2032|0x00000000ff000000, 0x00000000ff100000, 0x00000000ff100000|100%| O|  |TAMS 0x00000000ff000000| PB 0x00000000ff000000| Untracked 
|2033|0x00000000ff100000, 0x00000000ff200000, 0x00000000ff200000|100%| O|  |TAMS 0x00000000ff100000| PB 0x00000000ff100000| Untracked 
|2034|0x00000000ff200000, 0x00000000ff300000, 0x00000000ff300000|100%| O|  |TAMS 0x00000000ff200000| PB 0x00000000ff200000| Untracked 
|2035|0x00000000ff300000, 0x00000000ff400000, 0x00000000ff400000|100%| O|  |TAMS 0x00000000ff300000| PB 0x00000000ff300000| Untracked 
|2036|0x00000000ff400000, 0x00000000ff500000, 0x00000000ff500000|100%| O|  |TAMS 0x00000000ff400000| PB 0x00000000ff400000| Untracked 
|2037|0x00000000ff500000, 0x00000000ff600000, 0x00000000ff600000|100%| O|  |TAMS 0x00000000ff500000| PB 0x00000000ff500000| Untracked 
|2038|0x00000000ff600000, 0x00000000ff700000, 0x00000000ff700000|100%| O|  |TAMS 0x00000000ff600000| PB 0x00000000ff600000| Untracked 
|2039|0x00000000ff700000, 0x00000000ff800000, 0x00000000ff800000|100%| O|  |TAMS 0x00000000ff700000| PB 0x00000000ff700000| Untracked 
|2040|0x00000000ff800000, 0x00000000ff900000, 0x00000000ff900000|100%| O|  |TAMS 0x00000000ff800000| PB 0x00000000ff800000| Untracked 
|2041|0x00000000ff900000, 0x00000000ff900000, 0x00000000ffa00000|  0%| F|  |TAMS 0x00000000ff900000| PB 0x00000000ff900000| Untracked 
|2042|0x00000000ffa00000, 0x00000000ffa00000, 0x00000000ffb00000|  0%| F|  |TAMS 0x00000000ffa00000| PB 0x00000000ffa00000| Untracked 
|2043|0x00000000ffb00000, 0x00000000ffc00000, 0x00000000ffc00000|100%| O|  |TAMS 0x00000000ffb00000| PB 0x00000000ffb00000| Untracked 
|2044|0x00000000ffc00000, 0x00000000ffd00000, 0x00000000ffd00000|100%| O|  |TAMS 0x00000000ffc00000| PB 0x00000000ffc00000| Untracked 
|2045|0x00000000ffd00000, 0x00000000ffd00000, 0x00000000ffe00000|  0%| F|  |TAMS 0x00000000ffd00000| PB 0x00000000ffd00000| Untracked 
|2046|0x00000000ffe00000, 0x00000000fff00000, 0x00000000fff00000|100%| O|  |TAMS 0x00000000ffe00000| PB 0x00000000ffe00000| Untracked 
|2047|0x00000000fff00000, 0x00000000fff00000, 0x0000000100000000|  0%| F|  |TAMS 0x00000000fff00000| PB 0x00000000fff00000| Untracked 

Card table byte_map: [0x00000190c3340000,0x00000190c3740000] _byte_map_base: 0x00000190c2f40000

Marking Bits: (CMBitMap*) 0x00000190ab318aa0
 Bits: [0x00000190c3740000, 0x00000190c5740000)

Polling page: 0x00000190a9120000

Metaspace:

Usage:
  Non-class:    148.08 MB used.
      Class:     22.82 MB used.
       Both:    170.91 MB used.

Virtual space:
  Non-class space:      192.00 MB reserved,     149.81 MB ( 78%) committed,  3 nodes.
      Class space:      416.00 MB reserved,      24.38 MB (  6%) committed,  1 nodes.
             Both:      608.00 MB reserved,     174.19 MB ( 29%) committed. 

Chunk freelists:
   Non-Class:  9.70 MB
       Class:  7.44 MB
        Both:  17.14 MB

MaxMetaspaceSize: 512.00 MB
CompressedClassSpaceSize: 416.00 MB
Initial GC threshold: 21.00 MB
Current GC threshold: 289.81 MB
CDS: on
 - commit_granule_bytes: 65536.
 - commit_granule_words: 8192.
 - virtual_space_node_default_size: 8388608.
 - enlarge_chunks_in_place: 1.
 - use_allocation_guard: 0.


Internal statistics:

num_allocs_failed_limit: 6.
num_arena_births: 5648.
num_arena_deaths: 0.
num_vsnodes_births: 4.
num_vsnodes_deaths: 0.
num_space_committed: 2785.
num_space_uncommitted: 0.
num_chunks_returned_to_freelist: 6.
num_chunks_taken_from_freelist: 13598.
num_chunk_merges: 6.
num_chunk_splits: 9250.
num_chunks_enlarged: 6237.
num_inconsistent_stats: 0.

CodeHeap 'non-profiled nmethods': size=120000Kb used=12334Kb max_used=12334Kb free=107665Kb
 bounds [0x00000190bb4b0000, 0x00000190bc110000, 0x00000190c29e0000]
CodeHeap 'profiled nmethods': size=120000Kb used=32831Kb max_used=34763Kb free=87169Kb
 bounds [0x00000190b39e0000, 0x00000190b5c20000, 0x00000190baf10000]
CodeHeap 'non-nmethods': size=5760Kb used=3004Kb max_used=3053Kb free=2755Kb
 bounds [0x00000190baf10000, 0x00000190bb220000, 0x00000190bb4b0000]
CodeCache: size=245760Kb, used=48169Kb, max_used=50150Kb, free=197589Kb
 total_blobs=16895, nmethods=15665, adapters=1132, full_count=0
Compilation: enabled, stopped_count=0, restarted_count=0

Compilation events (20 events):
Event: 171.214 Thread 0x00000190c838d7a0 nmethod 23293 0x00000190b4609410 code [0x00000190b4609660, 0x00000190b4609fd8]
Event: 171.214 Thread 0x00000190c838d7a0 23295       3       org.gradle.api.internal.artifacts.ivyservice.resolveengine.graph.selectors.SelectorStateResolverResults::getResolved (187 bytes)
Event: 171.217 Thread 0x00000190c838d7a0 nmethod 23295 0x00000190b3d0ec10 code [0x00000190b3d0eee0, 0x00000190b3d0ff68]
Event: 171.217 Thread 0x00000190c838d7a0 23294       3       org.gradle.api.internal.artifacts.ivyservice.resolveengine.graph.selectors.SelectorStateResolver::integratePreferResults (77 bytes)
Event: 171.220 Thread 0x00000190c838d7a0 nmethod 23294 0x00000190b3ff0610 code [0x00000190b3ff0900, 0x00000190b3ff1868]
Event: 171.264 Thread 0x00000190c838d7a0 23296       3       java.util.concurrent.ThreadLocalRandom::nextSecondarySeed (74 bytes)
Event: 171.265 Thread 0x00000190c838d7a0 nmethod 23296 0x00000190b3e86690 code [0x00000190b3e86860, 0x00000190b3e86a90]
Event: 171.298 Thread 0x00000190c8398640 nmethod 23288 0x00000190bc0f9e10 code [0x00000190bc0fa340, 0x00000190bc0fde58]
Event: 171.298 Thread 0x00000190c8398640 23289       4       org.gradle.api.internal.artifacts.ivyservice.modulecache.ModuleMetadataSerializer$Reader::readMavenDependencyExcludes (72 bytes)
Event: 171.312 Thread 0x00000190c8398640 nmethod 23289 0x00000190bb9aee10 code [0x00000190bb9af080, 0x00000190bb9afd40]
Event: 171.312 Thread 0x00000190c8398640 23291       4       org.gradle.api.internal.artifacts.ivyservice.modulecache.StringDeduplicatingDecoder::readByte (10 bytes)
Event: 171.315 Thread 0x00000190c8398640 nmethod 23291 0x00000190bb604910 code [0x00000190bb604ae0, 0x00000190bb604f08]
Event: 172.336 Thread 0x00000190c8398640 23297       4       org.gradle.api.internal.artifacts.transform.DefaultTransformedVariantFactory$VariantKey::hashCode (16 bytes)
Event: 172.338 Thread 0x00000190c8398640 nmethod 23297 0x00000190bbb7e910 code [0x00000190bbb7eaa0, 0x00000190bbb7ebc0]
Event: 172.338 Thread 0x00000190c8398640 23298       4       org.gradle.api.internal.artifacts.transform.AbstractTransformedArtifactSet$$Lambda/0x00000190ca86dcc8::execute (20 bytes)
Event: 172.340 Thread 0x00000190c838d7a0 23300       3       com.google.common.collect.RegularImmutableSet::internalArrayEnd (6 bytes)
Event: 172.340 Thread 0x00000190c838d7a0 nmethod 23300 0x00000190b3dac790 code [0x00000190b3dac920, 0x00000190b3daca38]
Event: 172.345 Thread 0x00000190c8398640 nmethod 23298 0x00000190bb5a0290 code [0x00000190bb5a04a0, 0x00000190bb5a0bb0]
Event: 172.345 Thread 0x00000190c8398640 23299       4       org.gradle.api.internal.artifacts.transform.AbstractTransformedArtifactSet::lambda$new$0 (22 bytes)
Event: 172.352 Thread 0x00000190c8398640 nmethod 23299 0x00000190bb5f5310 code [0x00000190bb5f5500, 0x00000190bb5f5b98]

GC Heap History (20 events):
Event: 108.509 GC heap after
{Heap after GC invocations=79 (full 0):
 garbage-first heap   total 389120K, used 262047K [0x0000000080000000, 0x0000000100000000)
  region size 1024K, 14 young (14336K), 14 survivors (14336K)
 Metaspace       used 173426K, committed 176704K, reserved 622592K
  class space    used 23203K, committed 24768K, reserved 425984K
}
Event: 138.636 GC heap before
{Heap before GC invocations=79 (full 0):
 garbage-first heap   total 389120K, used 358303K [0x0000000080000000, 0x0000000100000000)
  region size 1024K, 109 young (111616K), 14 survivors (14336K)
 Metaspace       used 173632K, committed 176960K, reserved 622592K
  class space    used 23224K, committed 24832K, reserved 425984K
}
Event: 138.848 GC heap after
{Heap after GC invocations=80 (full 0):
 garbage-first heap   total 389120K, used 268407K [0x0000000080000000, 0x0000000100000000)
  region size 1024K, 10 young (10240K), 10 survivors (10240K)
 Metaspace       used 173632K, committed 176960K, reserved 622592K
  class space    used 23224K, committed 24832K, reserved 425984K
}
Event: 140.478 GC heap before
{Heap before GC invocations=80 (full 0):
 garbage-first heap   total 389120K, used 360567K [0x0000000080000000, 0x0000000100000000)
  region size 1024K, 101 young (103424K), 10 survivors (10240K)
 Metaspace       used 173632K, committed 176960K, reserved 622592K
  class space    used 23224K, committed 24832K, reserved 425984K
}
Event: 140.497 GC heap after
{Heap after GC invocations=81 (full 0):
 garbage-first heap   total 389120K, used 269529K [0x0000000080000000, 0x0000000100000000)
  region size 1024K, 6 young (6144K), 6 survivors (6144K)
 Metaspace       used 173632K, committed 176960K, reserved 622592K
  class space    used 23224K, committed 24832K, reserved 425984K
}
Event: 144.252 GC heap before
{Heap before GC invocations=82 (full 0):
 garbage-first heap   total 450560K, used 368857K [0x0000000080000000, 0x0000000100000000)
  region size 1024K, 98 young (100352K), 6 survivors (6144K)
 Metaspace       used 174097K, committed 177472K, reserved 622592K
  class space    used 23273K, committed 24896K, reserved 425984K
}
Event: 144.274 GC heap after
{Heap after GC invocations=83 (full 0):
 garbage-first heap   total 450560K, used 284498K [0x0000000080000000, 0x0000000100000000)
  region size 1024K, 13 young (13312K), 13 survivors (13312K)
 Metaspace       used 174097K, committed 177472K, reserved 622592K
  class space    used 23273K, committed 24896K, reserved 425984K
}
Event: 146.258 GC heap before
{Heap before GC invocations=83 (full 0):
 garbage-first heap   total 450560K, used 416594K [0x0000000080000000, 0x0000000100000000)
  region size 1024K, 143 young (146432K), 13 survivors (13312K)
 Metaspace       used 174144K, committed 177536K, reserved 622592K
  class space    used 23278K, committed 24896K, reserved 425984K
}
Event: 146.297 GC heap after
{Heap after GC invocations=84 (full 0):
 garbage-first heap   total 450560K, used 286087K [0x0000000080000000, 0x0000000100000000)
  region size 1024K, 8 young (8192K), 8 survivors (8192K)
 Metaspace       used 174144K, committed 177536K, reserved 622592K
  class space    used 23278K, committed 24896K, reserved 425984K
}
Event: 160.421 GC heap before
{Heap before GC invocations=84 (full 0):
 garbage-first heap   total 450560K, used 413063K [0x0000000080000000, 0x0000000100000000)
  region size 1024K, 133 young (136192K), 8 survivors (8192K)
 Metaspace       used 174327K, committed 177728K, reserved 622592K
  class space    used 23298K, committed 24896K, reserved 425984K
}
Event: 160.620 GC heap after
{Heap after GC invocations=85 (full 0):
 garbage-first heap   total 450560K, used 290816K [0x0000000080000000, 0x0000000100000000)
  region size 1024K, 12 young (12288K), 12 survivors (12288K)
 Metaspace       used 174327K, committed 177728K, reserved 622592K
  class space    used 23298K, committed 24896K, reserved 425984K
}
Event: 164.284 GC heap before
{Heap before GC invocations=86 (full 0):
 garbage-first heap   total 485376K, used 421888K [0x0000000080000000, 0x0000000100000000)
  region size 1024K, 136 young (139264K), 12 survivors (12288K)
 Metaspace       used 174430K, committed 177792K, reserved 622592K
  class space    used 23307K, committed 24896K, reserved 425984K
}
Event: 164.305 GC heap after
{Heap after GC invocations=87 (full 0):
 garbage-first heap   total 485376K, used 298334K [0x0000000080000000, 0x0000000100000000)
  region size 1024K, 8 young (8192K), 8 survivors (8192K)
 Metaspace       used 174430K, committed 177792K, reserved 622592K
  class space    used 23307K, committed 24896K, reserved 425984K
}
Event: 166.281 GC heap before
{Heap before GC invocations=87 (full 0):
 garbage-first heap   total 485376K, used 449886K [0x0000000080000000, 0x0000000100000000)
  region size 1024K, 157 young (160768K), 8 survivors (8192K)
 Metaspace       used 174568K, committed 177920K, reserved 622592K
  class space    used 23321K, committed 24896K, reserved 425984K
}
Event: 166.320 GC heap after
{Heap after GC invocations=88 (full 0):
 garbage-first heap   total 485376K, used 300289K [0x0000000080000000, 0x0000000100000000)
  region size 1024K, 13 young (13312K), 13 survivors (13312K)
 Metaspace       used 174568K, committed 177920K, reserved 622592K
  class space    used 23321K, committed 24896K, reserved 425984K
}
Event: 168.314 GC heap before
{Heap before GC invocations=88 (full 0):
 garbage-first heap   total 485376K, used 450817K [0x0000000080000000, 0x0000000100000000)
  region size 1024K, 161 young (164864K), 13 survivors (13312K)
 Metaspace       used 174631K, committed 178048K, reserved 622592K
  class space    used 23325K, committed 24960K, reserved 425984K
}
Event: 168.342 GC heap after
{Heap after GC invocations=89 (full 0):
 garbage-first heap   total 485376K, used 309031K [0x0000000080000000, 0x0000000100000000)
  region size 1024K, 14 young (14336K), 14 survivors (14336K)
 Metaspace       used 174631K, committed 178048K, reserved 622592K
  class space    used 23325K, committed 24960K, reserved 425984K
}
Event: 169.918 GC heap before
{Heap before GC invocations=90 (full 0):
 garbage-first heap   total 516096K, used 460583K [0x0000000080000000, 0x0000000100000000)
  region size 1024K, 158 young (161792K), 14 survivors (14336K)
 Metaspace       used 174840K, committed 178176K, reserved 622592K
  class space    used 23353K, committed 24960K, reserved 425984K
}
Event: 169.936 GC heap after
{Heap after GC invocations=91 (full 0):
 garbage-first heap   total 516096K, used 321124K [0x0000000080000000, 0x0000000100000000)
  region size 1024K, 17 young (17408K), 17 survivors (17408K)
 Metaspace       used 174840K, committed 178176K, reserved 622592K
  class space    used 23353K, committed 24960K, reserved 425984K
}
Event: 172.367 GC heap before
{Heap before GC invocations=91 (full 0):
 garbage-first heap   total 516096K, used 479844K [0x0000000080000000, 0x0000000100000000)
  region size 1024K, 173 young (177152K), 17 survivors (17408K)
 Metaspace       used 175008K, committed 178368K, reserved 622592K
  class space    used 23370K, committed 24960K, reserved 425984K
}

Dll operation events (20 events):
Event: 0.219 Attempting to load shared library D:\Program Files\Eclipse Adoptium\jdk-21.0.12.8-hotspot\bin\nio.dll
Event: 0.223 Loaded shared library D:\Program Files\Eclipse Adoptium\jdk-21.0.12.8-hotspot\bin\nio.dll
Event: 0.230 Attempting to load shared library D:\Program Files\Eclipse Adoptium\jdk-21.0.12.8-hotspot\bin\zip.dll
Event: 0.230 Loaded shared library D:\Program Files\Eclipse Adoptium\jdk-21.0.12.8-hotspot\bin\zip.dll
Event: 0.653 Attempting to load shared library D:\Program Files\Eclipse Adoptium\jdk-21.0.12.8-hotspot\bin\jimage.dll
Event: 0.653 Loaded shared library D:\Program Files\Eclipse Adoptium\jdk-21.0.12.8-hotspot\bin\jimage.dll
Event: 0.963 Attempting to load shared library D:\Program Files\Eclipse Adoptium\jdk-21.0.12.8-hotspot\bin\verify.dll
Event: 0.965 Loaded shared library D:\Program Files\Eclipse Adoptium\jdk-21.0.12.8-hotspot\bin\verify.dll
Event: 1.154 Attempting to load shared library C:\Users\madhu\.gradle\native\1def1411415f61bf3af743bc5b6707747c0891f09f0c88961ee8f79bc544acac\windows-amd64\native-platform.dll
Event: 1.155 Loaded shared library C:\Users\madhu\.gradle\native\1def1411415f61bf3af743bc5b6707747c0891f09f0c88961ee8f79bc544acac\windows-amd64\native-platform.dll
Event: 1.175 Attempting to load shared library C:\Users\madhu\.gradle\native\0.2.7\x86_64-windows-gnu\gradle-fileevents.dll
Event: 1.177 Loaded shared library C:\Users\madhu\.gradle\native\0.2.7\x86_64-windows-gnu\gradle-fileevents.dll
Event: 3.039 Attempting to load shared library D:\Program Files\Eclipse Adoptium\jdk-21.0.12.8-hotspot\bin\management.dll
Event: 3.043 Loaded shared library D:\Program Files\Eclipse Adoptium\jdk-21.0.12.8-hotspot\bin\management.dll
Event: 3.050 Attempting to load shared library D:\Program Files\Eclipse Adoptium\jdk-21.0.12.8-hotspot\bin\management_ext.dll
Event: 3.057 Loaded shared library D:\Program Files\Eclipse Adoptium\jdk-21.0.12.8-hotspot\bin\management_ext.dll
Event: 3.433 Attempting to load shared library D:\Program Files\Eclipse Adoptium\jdk-21.0.12.8-hotspot\bin\extnet.dll
Event: 3.439 Loaded shared library D:\Program Files\Eclipse Adoptium\jdk-21.0.12.8-hotspot\bin\extnet.dll
Event: 3.838 Attempting to load shared library D:\Program Files\Eclipse Adoptium\jdk-21.0.12.8-hotspot\bin\sunmscapi.dll
Event: 3.846 Loaded shared library D:\Program Files\Eclipse Adoptium\jdk-21.0.12.8-hotspot\bin\sunmscapi.dll

Deoptimization events (20 events):
Event: 146.569 Thread 0x00000190e8ea24b0 DEOPT PACKING pc=0x00000190bb9c279c sp=0x0000007cfc2f7600
Event: 146.569 Thread 0x00000190e8ea24b0 DEOPT UNPACKING pc=0x00000190baf64422 sp=0x0000007cfc2f7588 mode 2
Event: 146.632 Thread 0x00000190e8ea24b0 Uncommon trap: trap_request=0xffffffbe fr.pc=0x00000190bb6ee7b4 relative=0x0000000000000634
Event: 146.632 Thread 0x00000190e8ea24b0 Uncommon trap: reason=profile_predicate action=maybe_recompile pc=0x00000190bb6ee7b4 method=java.util.AbstractCollection.remove(Ljava/lang/Object;)Z @ 41 c2
Event: 146.632 Thread 0x00000190e8ea24b0 DEOPT PACKING pc=0x00000190bb6ee7b4 sp=0x0000007cfc2f7780
Event: 146.632 Thread 0x00000190e8ea24b0 DEOPT UNPACKING pc=0x00000190baf64422 sp=0x0000007cfc2f7748 mode 2
Event: 160.671 Thread 0x00000190c8915a90 Uncommon trap: trap_request=0xffffff45 fr.pc=0x00000190bc046d4c relative=0x000000000000038c
Event: 160.671 Thread 0x00000190c8915a90 Uncommon trap: reason=unstable_if action=reinterpret pc=0x00000190bc046d4c method=java.util.concurrent.locks.AbstractQueuedSynchronizer.hasQueuedPredecessors()Z @ 26 c2
Event: 160.671 Thread 0x00000190c8915a90 DEOPT PACKING pc=0x00000190bc046d4c sp=0x0000007cff0fd1a0
Event: 160.671 Thread 0x00000190c8915a90 DEOPT UNPACKING pc=0x00000190baf64422 sp=0x0000007cff0fd090 mode 2
Event: 165.893 Thread 0x00000190ebbe5880 Uncommon trap: trap_request=0xffffff45 fr.pc=0x00000190bbf0ced4 relative=0x00000000000001b4
Event: 165.893 Thread 0x00000190ebbe5880 Uncommon trap: reason=unstable_if action=reinterpret pc=0x00000190bbf0ced4 method=java.util.concurrent.locks.AbstractQueuedSynchronizer.hasQueuedPredecessors()Z @ 26 c2
Event: 165.893 Thread 0x00000190ebbe5880 DEOPT PACKING pc=0x00000190bbf0ced4 sp=0x0000007c817fd000
Event: 165.893 Thread 0x00000190ebbe5880 DEOPT UNPACKING pc=0x00000190baf64422 sp=0x0000007c817fcf48 mode 2
Event: 169.300 Thread 0x00000190e8ea4c10 DEOPT PACKING pc=0x00000190b5b61a49 sp=0x0000007cfc5ff530
Event: 169.300 Thread 0x00000190e8ea4c10 DEOPT UNPACKING pc=0x00000190baf64bc2 sp=0x0000007cfc5fea38 mode 0
Event: 171.229 Thread 0x00000190e8ea24b0 Uncommon trap: trap_request=0xffffff76 fr.pc=0x00000190bc0980bc relative=0x000000000000043c
Event: 171.229 Thread 0x00000190e8ea24b0 Uncommon trap: reason=predicate action=maybe_recompile pc=0x00000190bc0980bc method=java.util.Iterator.forEachRemaining(Ljava/util/function/Consumer;)V @ 11 c2
Event: 171.229 Thread 0x00000190e8ea24b0 DEOPT PACKING pc=0x00000190bc0980bc sp=0x0000007cfc2f6f40
Event: 171.229 Thread 0x00000190e8ea24b0 DEOPT UNPACKING pc=0x00000190baf64422 sp=0x0000007cfc2f6ea0 mode 2

Classes loaded (20 events):
Event: 99.495 Loading class java/io/LineNumberReader
Event: 99.496 Loading class java/io/LineNumberReader done
Event: 99.513 Loading class java/util/regex/PatternBeanInfo
Event: 99.513 Loading class java/util/regex/PatternBeanInfo done
Event: 99.514 Loading class java/util/regex/PatternBeanInfo
Event: 99.514 Loading class java/util/regex/PatternBeanInfo done
Event: 99.514 Loading class java/util/regex/PatternCustomizer
Event: 99.514 Loading class java/util/regex/PatternCustomizer done
Event: 99.514 Loading class java/util/regex/PatternCustomizer
Event: 99.514 Loading class java/util/regex/PatternCustomizer done
Event: 99.523 Loading class java/util/regex/MatcherBeanInfo
Event: 99.523 Loading class java/util/regex/MatcherBeanInfo done
Event: 99.524 Loading class java/util/regex/MatcherBeanInfo
Event: 99.524 Loading class java/util/regex/MatcherBeanInfo done
Event: 99.524 Loading class java/util/regex/MatcherCustomizer
Event: 99.524 Loading class java/util/regex/MatcherCustomizer done
Event: 99.524 Loading class java/util/regex/MatcherCustomizer
Event: 99.524 Loading class java/util/regex/MatcherCustomizer done
Event: 146.479 Loading class java/math/BigDecimal$StringBuilderHelper
Event: 146.489 Loading class java/math/BigDecimal$StringBuilderHelper done

Classes unloaded (0 events):
No events

Classes redefined (0 events):
No events

Internal exceptions (20 events):
Event: 142.775 Thread 0x00000190e8ea24b0 Exception <a 'java/lang/ClassNotFoundException'{0x0000000097a9a6e8}: com/android/build/gradle/internal/dsl/CmakeOptions$AgpDecoratedCustomizer> (0x0000000097a9a6e8) 
thrown [s\src\hotspot\share\classfile\systemDictionary.cpp, line 313]
Event: 142.779 Thread 0x00000190e8ea24b0 Exception <a 'java/lang/ClassNotFoundException'{0x0000000097ab0b28}: com/android/build/gradle/internal/dsl/CmakeOptions$AgpDecorated_DecoratedCustomizer> (0x0000000097ab0b28) 
thrown [s\src\hotspot\share\classfile\systemDictionary.cpp, line 313]
Event: 143.393 Thread 0x00000190e8ea24b0 Exception <a 'java/lang/ClassNotFoundException'{0x0000000095e1ad28}: build_5jau09xmt0hzm0viby0pllykgBeanInfo> (0x0000000095e1ad28) 
thrown [s\src\hotspot\share\classfile\systemDictionary.cpp, line 313]
Event: 143.396 Thread 0x00000190e8ea24b0 Exception <a 'java/lang/ClassNotFoundException'{0x0000000095e219f0}: build_5jau09xmt0hzm0viby0pllykgCustomizer> (0x0000000095e219f0) 
thrown [s\src\hotspot\share\classfile\systemDictionary.cpp, line 313]
Event: 143.453 Thread 0x00000190e8ea24b0 Exception <a 'java/lang/ClassNotFoundException'{0x0000000095d65c90}: build_5jau09xmt0hzm0viby0pllykgBeanInfo> (0x0000000095d65c90) 
thrown [s\src\hotspot\share\classfile\systemDictionary.cpp, line 313]
Event: 143.454 Thread 0x00000190e8ea24b0 Exception <a 'java/lang/ClassNotFoundException'{0x0000000095d6ce50}: build_5jau09xmt0hzm0viby0pllykgCustomizer> (0x0000000095d6ce50) 
thrown [s\src\hotspot\share\classfile\systemDictionary.cpp, line 313]
Event: 145.411 Thread 0x00000190e8ea24b0 Exception <a 'java/lang/ClassNotFoundException'{0x00000000ff9378f0}: build_jy1zi8hjlrphv8fjvl4b7qo1BeanInfo> (0x00000000ff9378f0) 
thrown [s\src\hotspot\share\classfile\systemDictionary.cpp, line 313]
Event: 145.412 Thread 0x00000190e8ea24b0 Exception <a 'java/lang/ClassNotFoundException'{0x00000000ff93e590}: build_jy1zi8hjlrphv8fjvl4b7qo1Customizer> (0x00000000ff93e590) 
thrown [s\src\hotspot\share\classfile\systemDictionary.cpp, line 313]
Event: 146.347 Thread 0x00000190e8ea24b0 Exception <a 'java/lang/ClassNotFoundException'{0x00000000fed644f0}: build_jy1zi8hjlrphv8fjvl4b7qo1BeanInfo> (0x00000000fed644f0) 
thrown [s\src\hotspot\share\classfile\systemDictionary.cpp, line 313]
Event: 146.348 Thread 0x00000190e8ea24b0 Exception <a 'java/lang/ClassNotFoundException'{0x00000000fed6b690}: build_jy1zi8hjlrphv8fjvl4b7qo1Customizer> (0x00000000fed6b690) 
thrown [s\src\hotspot\share\classfile\systemDictionary.cpp, line 313]
Event: 164.417 Thread 0x00000190e8ea24b0 Exception <a 'java/lang/ClassNotFoundException'{0x00000000ffa66810}: build_dnbahu2miuojrrh2mjqywl2etBeanInfo> (0x00000000ffa66810) 
thrown [s\src\hotspot\share\classfile\systemDictionary.cpp, line 313]
Event: 164.419 Thread 0x00000190e8ea24b0 Exception <a 'java/lang/ClassNotFoundException'{0x00000000ffa6d4d8}: build_dnbahu2miuojrrh2mjqywl2etCustomizer> (0x00000000ffa6d4d8) 
thrown [s\src\hotspot\share\classfile\systemDictionary.cpp, line 313]
Event: 165.970 Thread 0x00000190e8ea24b0 Exception <a 'java/lang/ClassNotFoundException'{0x00000000952b7dd0}: build_dnbahu2miuojrrh2mjqywl2etBeanInfo> (0x00000000952b7dd0) 
thrown [s\src\hotspot\share\classfile\systemDictionary.cpp, line 313]
Event: 165.970 Thread 0x00000190e8ea24b0 Exception <a 'java/lang/ClassNotFoundException'{0x00000000952bef90}: build_dnbahu2miuojrrh2mjqywl2etCustomizer> (0x00000000952bef90) 
thrown [s\src\hotspot\share\classfile\systemDictionary.cpp, line 313]
Event: 169.497 Thread 0x00000190e8ea24b0 Exception <a 'java/lang/ClassNotFoundException'{0x00000000999fe528}: build_729vfwo1h4tut05v1c5vlno46BeanInfo> (0x00000000999fe528) 
thrown [s\src\hotspot\share\classfile\systemDictionary.cpp, line 313]
Event: 169.499 Thread 0x00000190e8ea24b0 Exception <a 'java/lang/ClassNotFoundException'{0x0000000099805478}: build_729vfwo1h4tut05v1c5vlno46Customizer> (0x0000000099805478) 
thrown [s\src\hotspot\share\classfile\systemDictionary.cpp, line 313]
Event: 170.203 Thread 0x00000190e8ea24b0 Exception <a 'java/lang/ClassNotFoundException'{0x00000000987e9810}: build_729vfwo1h4tut05v1c5vlno46BeanInfo> (0x00000000987e9810) 
thrown [s\src\hotspot\share\classfile\systemDictionary.cpp, line 313]
Event: 170.203 Thread 0x00000190e8ea24b0 Exception <a 'java/lang/ClassNotFoundException'{0x00000000987f09d0}: build_729vfwo1h4tut05v1c5vlno46Customizer> (0x00000000987f09d0) 
thrown [s\src\hotspot\share\classfile\systemDictionary.cpp, line 313]
Event: 170.963 Thread 0x00000190e8ea24b0 Exception <a 'java/lang/ClassNotFoundException'{0x000000009632ca28}: build_72ev18uvvqdlt77pim4t27o0zBeanInfo> (0x000000009632ca28) 
thrown [s\src\hotspot\share\classfile\systemDictionary.cpp, line 313]
Event: 170.964 Thread 0x00000190e8ea24b0 Exception <a 'java/lang/ClassNotFoundException'{0x00000000963336f0}: build_72ev18uvvqdlt77pim4t27o0zCustomizer> (0x00000000963336f0) 
thrown [s\src\hotspot\share\classfile\systemDictionary.cpp, line 313]

ZGC Phase Switch (0 events):
No events

VM Operations (20 events):
Event: 165.318 Executing safepoint VM operation: Cleanup done
Event: 166.281 Executing safepoint VM operation: G1CollectForAllocation (G1 Evacuation Pause)
Event: 166.321 Executing safepoint VM operation: G1CollectForAllocation (G1 Evacuation Pause) done
Event: 167.331 Executing safepoint VM operation: Cleanup
Event: 167.331 Executing safepoint VM operation: Cleanup done
Event: 168.313 Executing safepoint VM operation: G1CollectForAllocation (G1 Evacuation Pause)
Event: 168.342 Executing safepoint VM operation: G1CollectForAllocation (G1 Evacuation Pause) done
Event: 168.705 Executing safepoint VM operation: G1PauseRemark
Event: 168.727 Executing safepoint VM operation: G1PauseRemark done
Event: 168.847 Executing safepoint VM operation: G1PauseCleanup
Event: 168.848 Executing safepoint VM operation: G1PauseCleanup done
Event: 169.862 Executing safepoint VM operation: Cleanup
Event: 169.863 Executing safepoint VM operation: Cleanup done
Event: 169.918 Executing safepoint VM operation: G1CollectForAllocation (G1 Evacuation Pause)
Event: 169.936 Executing safepoint VM operation: G1CollectForAllocation (G1 Evacuation Pause) done
Event: 170.951 Executing safepoint VM operation: Cleanup
Event: 170.952 Executing safepoint VM operation: Cleanup done
Event: 171.963 Executing safepoint VM operation: Cleanup
Event: 171.963 Executing safepoint VM operation: Cleanup done
Event: 172.367 Executing safepoint VM operation: G1CollectForAllocation (G1 Evacuation Pause)

Memory protections (0 events):
No events

Nmethod flushes (20 events):
Event: 168.722 Thread 0x00000190c8367b80 flushing  nmethod 0x00000190b3deb310
Event: 168.722 Thread 0x00000190c8367b80 flushing  nmethod 0x00000190b3e48010
Event: 168.722 Thread 0x00000190c8367b80 flushing  nmethod 0x00000190b4063290
Event: 168.722 Thread 0x00000190c8367b80 flushing  nmethod 0x00000190b4104f90
Event: 168.722 Thread 0x00000190c8367b80 flushing  nmethod 0x00000190b41aac90
Event: 168.722 Thread 0x00000190c8367b80 flushing  nmethod 0x00000190b43a8890
Event: 168.722 Thread 0x00000190c8367b80 flushing  nmethod 0x00000190b46e6310
Event: 168.722 Thread 0x00000190c8367b80 flushing  nmethod 0x00000190b46ef090
Event: 168.722 Thread 0x00000190c8367b80 flushing  nmethod 0x00000190b488c290
Event: 168.722 Thread 0x00000190c8367b80 flushing  nmethod 0x00000190b48f7890
Event: 168.723 Thread 0x00000190c8367b80 flushing  nmethod 0x00000190b4900390
Event: 168.723 Thread 0x00000190c8367b80 flushing  nmethod 0x00000190b49f5690
Event: 168.723 Thread 0x00000190c8367b80 flushing  nmethod 0x00000190b49f9b10
Event: 168.723 Thread 0x00000190c8367b80 flushing  nmethod 0x00000190b49fcf10
Event: 168.723 Thread 0x00000190c8367b80 flushing  nmethod 0x00000190b4a46a10
Event: 168.723 Thread 0x00000190c8367b80 flushing  nmethod 0x00000190b4a94390
Event: 168.723 Thread 0x00000190c8367b80 flushing  nmethod 0x00000190b4a95e90
Event: 168.723 Thread 0x00000190c8367b80 flushing  nmethod 0x00000190b4dfcb90
Event: 168.723 Thread 0x00000190c8367b80 flushing  nmethod 0x00000190b5230e90
Event: 168.723 Thread 0x00000190c8367b80 flushing  nmethod 0x00000190b5a2b490

Events (20 events):
Event: 92.653 Thread 0x00000190ef64a3c0 Thread exited: 0x00000190ef64a3c0
Event: 93.806 Thread 0x00000190e8ea24b0 Thread added: 0x00000190f4a1a650
Event: 94.081 Thread 0x00000190c838d7a0 Thread added: 0x00000190ef64d370
Event: 96.210 Thread 0x00000190ef64d370 Thread exited: 0x00000190ef64d370
Event: 96.531 Thread 0x00000190c838d7a0 Thread added: 0x00000190ef64d370
Event: 97.826 Thread 0x00000190ef64d370 Thread exited: 0x00000190ef64d370
Event: 98.187 Thread 0x00000190c8398640 Thread added: 0x00000190ef64d370
Event: 99.308 Thread 0x00000190ef64d370 Thread exited: 0x00000190ef64d370
Event: 109.272 Thread 0x00000190ebbe3120 Thread exited: 0x00000190ebbe3120
Event: 111.650 Thread 0x00000190c8398640 Thread added: 0x00000190ef64eeb0
Event: 112.998 Thread 0x00000190ef64eeb0 Thread exited: 0x00000190ef64eeb0
Event: 138.869 Thread 0x00000190c8398640 Thread added: 0x00000190ef64b830
Event: 141.231 Thread 0x00000190ef64b830 Thread exited: 0x00000190ef64b830
Event: 160.718 Thread 0x00000190c838d7a0 Thread added: 0x00000190ef64b830
Event: 163.191 Thread 0x00000190e8ea5fc0 Thread exited: 0x00000190e8ea5fc0
Event: 163.490 Thread 0x00000190ef64b830 Thread exited: 0x00000190ef64b830
Event: 166.328 Thread 0x00000190c8398640 Thread added: 0x00000190ef64b830
Event: 166.468 Thread 0x00000190ef64b830 Thread exited: 0x00000190ef64b830
Event: 168.079 Thread 0x00000190c8398640 Thread added: 0x00000190ef64fc50
Event: 169.025 Thread 0x00000190ef64fc50 Thread exited: 0x00000190ef64fc50


Dynamic libraries:
0x00007ff7bdc40000 - 0x00007ff7bdc4e000 	D:\Program Files\Eclipse Adoptium\jdk-21.0.12.8-hotspot\bin\java.exe
0x00007ffa14b40000 - 0x00007ffa14da6000 	C:\WINDOWS\SYSTEM32\ntdll.dll
0x00007ffa12dc0000 - 0x00007ffa12e89000 	C:\WINDOWS\System32\KERNEL32.DLL
0x00007ffa12460000 - 0x00007ffa1285e000 	C:\WINDOWS\System32\KERNELBASE.dll
0x00007ffa12270000 - 0x00007ffa123bc000 	C:\WINDOWS\System32\ucrtbase.dll
0x00007ff9fc180000 - 0x00007ff9fc198000 	D:\Program Files\Eclipse Adoptium\jdk-21.0.12.8-hotspot\bin\jli.dll
0x00007ff9f39f0000 - 0x00007ff9f3a0e000 	D:\Program Files\Eclipse Adoptium\jdk-21.0.12.8-hotspot\bin\VCRUNTIME140.dll
0x00007ffa135d0000 - 0x00007ffa13797000 	C:\WINDOWS\System32\USER32.dll
0x00007ffa120d0000 - 0x00007ffa120f7000 	C:\WINDOWS\System32\win32u.dll
0x00007ffa135a0000 - 0x00007ffa135cb000 	C:\WINDOWS\System32\GDI32.dll
0x00007ffa11ee0000 - 0x00007ffa1200a000 	C:\WINDOWS\System32\gdi32full.dll
0x00007ffa12100000 - 0x00007ffa121a3000 	C:\WINDOWS\System32\msvcp_win.dll
0x00007ff9fe860000 - 0x00007ff9feaf2000 	C:\WINDOWS\WinSxS\amd64_microsoft.windows.common-controls_6595b64144ccf1df_6.0.26100.8894_none_3e0f749ee32e02ea\COMCTL32.dll
0x00007ffa14910000 - 0x00007ffa149b9000 	C:\WINDOWS\System32\msvcrt.dll
0x00007ffa13920000 - 0x00007ffa13952000 	C:\WINDOWS\System32\IMM32.DLL
0x00007ffa00310000 - 0x00007ffa0031c000 	D:\Program Files\Eclipse Adoptium\jdk-21.0.12.8-hotspot\bin\vcruntime140_1.dll
0x00007ff97fec0000 - 0x00007ff97ff4d000 	D:\Program Files\Eclipse Adoptium\jdk-21.0.12.8-hotspot\bin\msvcp140.dll
0x00007ff949c60000 - 0x00007ff94aa02000 	D:\Program Files\Eclipse Adoptium\jdk-21.0.12.8-hotspot\bin\server\jvm.dll
0x00007ffa13350000 - 0x00007ffa13407000 	C:\WINDOWS\System32\ADVAPI32.dll
0x00007ffa137a0000 - 0x00007ffa1384a000 	C:\WINDOWS\System32\sechost.dll
0x00007ffa147d0000 - 0x00007ffa148e8000 	C:\WINDOWS\System32\RPCRT4.dll
0x00007ffa13510000 - 0x00007ffa13590000 	C:\WINDOWS\System32\WS2_32.dll
0x00007ffa11bc0000 - 0x00007ffa11c1e000 	C:\WINDOWS\SYSTEM32\POWRPROF.dll
0x00007ffa09b70000 - 0x00007ffa09b7b000 	C:\WINDOWS\SYSTEM32\VERSION.dll
0x00007ffa09b30000 - 0x00007ffa09b66000 	C:\WINDOWS\SYSTEM32\WINMM.dll
0x00007ffa11ba0000 - 0x00007ffa11bb4000 	C:\WINDOWS\SYSTEM32\UMPDC.dll
0x00007ffa10a40000 - 0x00007ffa10a5b000 	C:\WINDOWS\SYSTEM32\kernel.appcore.dll
0x00007ffa004e0000 - 0x00007ffa004ea000 	D:\Program Files\Eclipse Adoptium\jdk-21.0.12.8-hotspot\bin\jimage.dll
0x00007ffa0f570000 - 0x00007ffa0f7b2000 	C:\WINDOWS\SYSTEM32\DBGHELP.DLL
0x00007ffa141d0000 - 0x00007ffa14553000 	C:\WINDOWS\System32\combase.dll
0x00007ffa14a20000 - 0x00007ffa14af9000 	C:\WINDOWS\System32\OLEAUT32.dll
0x00007ff9fd7b0000 - 0x00007ff9fd7eb000 	C:\WINDOWS\SYSTEM32\dbgcore.DLL
0x00007ffa121b0000 - 0x00007ffa1225c000 	C:\WINDOWS\System32\bcryptPrimitives.dll
0x00007ffa004d0000 - 0x00007ffa004df000 	D:\Program Files\Eclipse Adoptium\jdk-21.0.12.8-hotspot\bin\instrument.dll
0x00007ff9f3a20000 - 0x00007ff9f3a40000 	D:\Program Files\Eclipse Adoptium\jdk-21.0.12.8-hotspot\bin\java.dll
0x00007ffa13960000 - 0x00007ffa140f2000 	C:\WINDOWS\System32\SHELL32.dll
0x00007ffa0f7f0000 - 0x00007ffa10082000 	C:\WINDOWS\SYSTEM32\windows.storage.dll
0x00007ffa13410000 - 0x00007ffa13507000 	C:\WINDOWS\System32\SHCORE.dll
0x00007ffa13850000 - 0x00007ffa138b7000 	C:\WINDOWS\System32\shlwapi.dll
0x00007ffa11c80000 - 0x00007ffa11ca9000 	C:\WINDOWS\SYSTEM32\profapi.dll
0x00007ff97f5a0000 - 0x00007ff97f677000 	D:\Program Files\Eclipse Adoptium\jdk-21.0.12.8-hotspot\bin\jsvml.dll
0x00007ff9e5340000 - 0x00007ff9e5358000 	D:\Program Files\Eclipse Adoptium\jdk-21.0.12.8-hotspot\bin\zip.dll
0x00007ffa00150000 - 0x00007ffa00160000 	D:\Program Files\Eclipse Adoptium\jdk-21.0.12.8-hotspot\bin\net.dll
0x00007ffa0a0d0000 - 0x00007ffa0a1f7000 	C:\WINDOWS\SYSTEM32\WINHTTP.dll
0x00007ffa10ff0000 - 0x00007ffa1105c000 	C:\WINDOWS\system32\mswsock.dll
0x00007ff9cf0a0000 - 0x00007ff9cf0b6000 	D:\Program Files\Eclipse Adoptium\jdk-21.0.12.8-hotspot\bin\nio.dll
0x00007ffa000b0000 - 0x00007ffa000c0000 	D:\Program Files\Eclipse Adoptium\jdk-21.0.12.8-hotspot\bin\verify.dll
0x00007ff992680000 - 0x00007ff9926a7000 	C:\Users\madhu\.gradle\native\1def1411415f61bf3af743bc5b6707747c0891f09f0c88961ee8f79bc544acac\windows-amd64\native-platform.dll
0x00007ff9666f0000 - 0x00007ff966768000 	C:\Users\madhu\.gradle\native\0.2.7\x86_64-windows-gnu\gradle-fileevents.dll
0x00007ffa075d0000 - 0x00007ffa075da000 	D:\Program Files\Eclipse Adoptium\jdk-21.0.12.8-hotspot\bin\management.dll
0x00007ffa075c0000 - 0x00007ffa075cc000 	D:\Program Files\Eclipse Adoptium\jdk-21.0.12.8-hotspot\bin\management_ext.dll
0x00007ffa12870000 - 0x00007ffa12878000 	C:\WINDOWS\System32\PSAPI.DLL
0x00007ffa103c0000 - 0x00007ffa103f3000 	C:\WINDOWS\SYSTEM32\IPHLPAPI.DLL
0x00007ffa141c0000 - 0x00007ffa141ca000 	C:\WINDOWS\System32\NSI.dll
0x00007ff9d1380000 - 0x00007ff9d1389000 	D:\Program Files\Eclipse Adoptium\jdk-21.0.12.8-hotspot\bin\extnet.dll
0x00007ffa11310000 - 0x00007ffa1132b000 	C:\WINDOWS\SYSTEM32\CRYPTSP.dll
0x00007ffa109a0000 - 0x00007ffa109d9000 	C:\WINDOWS\system32\rsaenh.dll
0x00007ffa110b0000 - 0x00007ffa110e2000 	C:\WINDOWS\SYSTEM32\USERENV.dll
0x00007ffa11c50000 - 0x00007ffa11c7a000 	C:\WINDOWS\SYSTEM32\bcrypt.dll
0x00007ffa112f0000 - 0x00007ffa112fc000 	C:\WINDOWS\SYSTEM32\CRYPTBASE.dll
0x00007ff9d2c90000 - 0x00007ff9d2c9e000 	D:\Program Files\Eclipse Adoptium\jdk-21.0.12.8-hotspot\bin\sunmscapi.dll
0x00007ffa11d60000 - 0x00007ffa11ed8000 	C:\WINDOWS\System32\CRYPT32.dll
0x00007ffa11530000 - 0x00007ffa11560000 	C:\WINDOWS\SYSTEM32\ncrypt.dll
0x00007ffa114e0000 - 0x00007ffa1151f000 	C:\WINDOWS\SYSTEM32\NTASN1.dll
0x00007ff9f14d0000 - 0x00007ff9f14d8000 	C:\WINDOWS\system32\wshunix.dll

JVMTI agents:
C:\Users\madhu\.gradle\wrapper\dists\gradle-8.13-bin\5xuhj0ry160q40clulazy9h7d\gradle-8.13\lib\agents\gradle-instrumentation-agent-8.13.jar path:D:\Program Files\Eclipse Adoptium\jdk-21.0.12.8-hotspot\bin\instrument.dll, loaded, initialized, instrumentlib options:none

dbghelp: loaded successfully - version: 4.0.5 - missing functions: none
symbol engine: initialized successfully - sym options: 0x614 - pdb path: .;D:\Program Files\Eclipse Adoptium\jdk-21.0.12.8-hotspot\bin;C:\WINDOWS\SYSTEM32;C:\WINDOWS\WinSxS\amd64_microsoft.windows.common-controls_6595b64144ccf1df_6.0.26100.8894_none_3e0f749ee32e02ea;D:\Program Files\Eclipse Adoptium\jdk-21.0.12.8-hotspot\bin\server;C:\Users\madhu\.gradle\native\1def1411415f61bf3af743bc5b6707747c0891f09f0c88961ee8f79bc544acac\windows-amd64;C:\Users\madhu\.gradle\native\0.2.7\x86_64-windows-gnu

VM Arguments:
jvm_args: --add-opens=java.base/java.lang=ALL-UNNAMED --add-opens=java.base/java.lang.invoke=ALL-UNNAMED --add-opens=java.base/java.util=ALL-UNNAMED --add-opens=java.prefs/java.util.prefs=ALL-UNNAMED --add-exports=jdk.compiler/com.sun.tools.javac.api=ALL-UNNAMED --add-exports=jdk.compiler/com.sun.tools.javac.util=ALL-UNNAMED --add-opens=java.base/java.util=ALL-UNNAMED --add-opens=java.prefs/java.util.prefs=ALL-UNNAMED --add-opens=java.base/java.nio.charset=ALL-UNNAMED --add-opens=java.base/java.net=ALL-UNNAMED --add-opens=java.base/java.util.concurrent.atomic=ALL-UNNAMED --add-opens=java.xml/javax.xml.namespace=ALL-UNNAMED -XX:MaxMetaspaceSize=512m -Xmx2048m -Dfile.encoding=UTF-8 -Duser.country=IN -Duser.language=en -Duser.variant -javaagent:C:\Users\madhu\.gradle\wrapper\dists\gradle-8.13-bin\5xuhj0ry160q40clulazy9h7d\gradle-8.13\lib\agents\gradle-instrumentation-agent-8.13.jar 
java_command: org.gradle.launcher.daemon.bootstrap.GradleDaemon 8.13
java_class_path (initial): C:\Users\madhu\.gradle\wrapper\dists\gradle-8.13-bin\5xuhj0ry160q40clulazy9h7d\gradle-8.13\lib\gradle-daemon-main-8.13.jar
Launcher Type: SUN_STANDARD

[Global flags]
     intx CICompilerCount                          = 4                                         {product} {ergonomic}
   size_t CompressedClassSpaceSize                 = 436207616                                 {product} {ergonomic}
     uint ConcGCThreads                            = 3                                         {product} {ergonomic}
     uint G1ConcRefinementThreads                  = 10                                        {product} {ergonomic}
   size_t G1HeapRegionSize                         = 1048576                                   {product} {ergonomic}
    uintx GCDrainStackTargetSize                   = 64                                        {product} {ergonomic}
   size_t InitialHeapSize                          = 98566144                                  {product} {ergonomic}
   size_t MarkStackSize                            = 4194304                                   {product} {ergonomic}
   size_t MaxHeapSize                              = 2147483648                                {product} {command line}
   size_t MaxMetaspaceSize                         = 536870912                                 {product} {command line}
   size_t MaxNewSize                               = 1287651328                                {product} {ergonomic}
   size_t MinHeapDeltaBytes                        = 1048576                                   {product} {ergonomic}
   size_t MinHeapSize                              = 8388608                                   {product} {ergonomic}
    uintx NonNMethodCodeHeapSize                   = 5839372                                {pd product} {ergonomic}
    uintx NonProfiledCodeHeapSize                  = 122909434                              {pd product} {ergonomic}
    uintx ProfiledCodeHeapSize                     = 122909434                              {pd product} {ergonomic}
    uintx ReservedCodeCacheSize                    = 251658240                              {pd product} {ergonomic}
     bool SegmentedCodeCache                       = true                                      {product} {ergonomic}
   size_t SoftMaxHeapSize                          = 2147483648                             {manageable} {ergonomic}
     bool UseCompressedOops                        = true                           {product lp64_product} {ergonomic}
     bool UseG1GC                                  = true                                      {product} {ergonomic}
     bool UseLargePagesIndividualAllocation        = false                                  {pd product} {ergonomic}

Logging:
Log output configuration:
 #0: stdout all=warning uptime,level,tags foldmultilines=false
 #1: stderr all=off uptime,level,tags foldmultilines=false

Release file:
IMPLEMENTOR="Eclipse Adoptium" 
IMPLEMENTOR_VERSION="Temurin-21.0.12+8" 
JAVA_RUNTIME_VERSION="21.0.12+8-LTS" 
JAVA_VERSION="21.0.12" 
JAVA_VERSION_DATE="2026-07-21" 
LIBC="default" 
MODULES="java.base java.compiler java.datatransfer java.xml java.prefs java.desktop java.instrument java.logging java.management java.security.sasl java.naming java.rmi java.management.rmi java.net.http java.scripting java.security.jgss java.transaction.xa java.sql java.sql.rowset java.xml.crypto java.se java.smartcardio jdk.accessibility jdk.internal.jvmstat jdk.attach jdk.charsets jdk.internal.opt jdk.zipfs jdk.compiler jdk.crypto.ec jdk.crypto.cryptoki jdk.crypto.mscapi jdk.dynalink jdk.internal.ed jdk.editpad jdk.hotspot.agent jdk.httpserver jdk.incubator.vector jdk.internal.le jdk.internal.vm.ci jdk.internal.vm.compiler jdk.internal.vm.compiler.management jdk.jartool jdk.javadoc jdk.jcmd jdk.management jdk.management.agent jdk.jconsole jdk.jdeps jdk.jdwp.agent jdk.jdi jdk.jfr jdk.jlink jdk.jpackage jdk.jshell jdk.jsobject jdk.jstatd jdk.localedata jdk.management.jfr jdk.naming.dns jdk.naming.rmi jdk.net jdk.nio.mapmode jdk.random jdk.sctp jdk.security.auth jdk.security.jgss jdk.unsupported jdk.unsupported.desktop jdk.xml.dom" 
OS_ARCH="x86_64" 
OS_NAME="Windows" 
SOURCE=".:git:04806bcb1d50" 
BUILD_SOURCE="git:e6ba7dec3d07654074559310376a3ae89da5f4ac"
BUILD_SOURCE_REPO="https://github.com/adoptium/temurin-build.git"
SOURCE_REPO="https://github.com/adoptium/jdk21u.git"
FULL_VERSION="21.0.12+8-LTS"
SEMANTIC_VERSION="21.0.12+8"
BUILD_INFO="OS: Windows Server 2022 Version: 10.0"
JVM_VARIANT="Hotspot"
JVM_VERSION="21.0.12+8-LTS"
IMAGE_TYPE="JDK"

Environment Variables:
PATH=D:\Program Files\Eclipse Adoptium\jdk-21.0.12.8-hotspot\bin;C:\Program Files\Common Files\Oracle\Java\javapath;C:\WINDOWS\system32;C:\WINDOWS;C:\WINDOWS\System32\Wbem;C:\WINDOWS\System32\WindowsPowerShell\v1.0\;C:\WINDOWS\System32\OpenSSH\;D:\Installation TOOLS\node.js\;D:\Installation TOOLS\postgresql\15\bin;D:\flutter\flutter\bin;D:\Program Files\Eclipse Adoptium\jdk-21.0.12.8-hotspot;C:\Users\madhu\AppData\Local\Microsoft\WindowsApps;C:\Users\madhu\AppData\Roaming\npm;D:\Installation TOOLS\Microsoft VS Code\bin;D:\flutter\flutter\bin;D:\Program Files\Git\cmd;
USERNAME=madhu
OS=Windows_NT
PROCESSOR_IDENTIFIER=AMD64 Family 23 Model 104 Stepping 1, AuthenticAMD
TMP=C:\Users\madhu\AppData\Local\Temp
TEMP=C:\Users\madhu\AppData\Local\Temp




Periodic native trim disabled

---------------  S Y S T E M  ---------------

OS:
 Windows 11 , 64 bit Build 26100 (10.0.26100.8875)
OS uptime: 6 days 2:24 hours
Hyper-V role detected

CPU: total 12 (initial active 12) (12 cores per cpu, 2 threads per core) family 23 model 104 stepping 1 microcode 0x8608103, cx8, cmov, fxsr, ht, mmx, 3dnowpref, sse, sse2, sse3, ssse3, sse4a, sse4.1, sse4.2, popcnt, lzcnt, tsc, tscinvbit, avx, avx2, aes, clmul, bmi1, bmi2, adx, sha, fma, vzeroupper, clflush, clflushopt, hv, rdtscp, rdpid, f16c
Processor Information for processor 0
  Max Mhz: 2100, Current Mhz: 2100, Mhz Limit: 2100
Processor Information for processor 1
  Max Mhz: 2100, Current Mhz: 2100, Mhz Limit: 2100
Processor Information for processor 2
  Max Mhz: 2100, Current Mhz: 2100, Mhz Limit: 2100
Processor Information for processor 3
  Max Mhz: 2100, Current Mhz: 2100, Mhz Limit: 2100
Processor Information for processor 4
  Max Mhz: 2100, Current Mhz: 2100, Mhz Limit: 2100
Processor Information for processor 5
  Max Mhz: 2100, Current Mhz: 2100, Mhz Limit: 2100
Processor Information for processor 6
  Max Mhz: 2100, Current Mhz: 1813, Mhz Limit: 2100
Processor Information for processor 7
  Max Mhz: 2100, Current Mhz: 1813, Mhz Limit: 2100
Processor Information for processor 8
  Max Mhz: 2100, Current Mhz: 1813, Mhz Limit: 2100
Processor Information for processor 9
  Max Mhz: 2100, Current Mhz: 1813, Mhz Limit: 2100
Processor Information for processor 10
  Max Mhz: 2100, Current Mhz: 1813, Mhz Limit: 2100
Processor Information for processor 11
  Max Mhz: 2100, Current Mhz: 1813, Mhz Limit: 2100

Memory: 4k page, system-wide physical 5989M (558M free)
TotalPageFile size 24421M (AvailPageFile size 97M)
current process WorkingSet (physical memory assigned to process): 626M, peak: 684M
current process commit charge ("private bytes"): 1028M, peak: 1142M

vm_info: OpenJDK 64-Bit Server VM (21.0.12+8-LTS) for windows-amd64 JRE (21.0.12+8-LTS), built on 2026-07-21T00:00:00Z by "admin" with MS VC++ 17.12 (VS2022)

END.
